body_pos_x	body_pos_y	body_pos_z	body_quat_w	body_quat_x	body_quat_y	body_quat_z	joint_pos00	joint_pos01	joint_pos02	joint_pos03	joint_pos04	joint_pos05	joint_pos06	joint_pos07	joint_pos08	joint_pos09	joint_pos10	joint_pos11	joint_pos12	joint_pos13	joint_pos14	joint_pos15	joint_pos16	joint_pos17	joint_pos18	joint_pos19	joint_pos20	joint_vel_00	joint_vel_01	joint_vel_02	joint_vel_03	joint_vel_04	joint_vel_05	joint_vel_06	joint_vel_07	joint_vel_08	joint_vel_09	joint_vel_10	joint_vel_11	joint_vel_12	joint_vel_13	joint_vel_14	joint_vel_15	joint_vel_16	joint_vel_17	joint_vel_18	joint_vel_19	joint_vel_20
0.132227	-0.045717	0.761169	0.727163	0.017924	0.020890	-0.685912	-0.267651	0.013871	0.067224	-0.197762	0.147493	-0.166415	0.006039	-0.038311	-0.081635	-0.243308	0.251030	-0.236329	0.032568	0.173977	-0.001071	-0.483699	-0.071909	0.031317	-0.035650	0.239325	-0.075220	5.850729	-0.466160	-0.697220	5.860700	3.352159	-2.761620	0.666490	10.398050	-0.558120	13.639210	8.556411	-2.976411	0.271280	2.577601	-1.090100	-8.723222	-9.499889	2.273380	-3.892970	4.364171	-8.311750
0.130415	-0.045897	0.760923	0.689030	0.020624	0.020135	-0.724160	-0.150636	0.004548	0.053280	-0.080548	0.214536	-0.221647	0.019369	0.169650	-0.092797	0.029476	0.422158	-0.295857	0.037994	0.225529	-0.022873	-0.658163	-0.261907	0.076785	-0.113509	0.326608	-0.241455	3.238825	0.208130	-0.641240	3.543745	1.575845	-1.602105	0.263325	5.846781	-0.470940	7.737495	4.967910	-2.095360	-0.270705	1.503755	-1.136970	-4.156535	-5.828715	1.823365	-2.753820	2.418080	-5.085159
0.128774	-0.044891	0.760337	0.682162	0.022755	0.015928	-0.730674	-0.138098	0.022196	0.041574	-0.056012	0.210527	-0.230499	0.016572	0.195560	-0.100473	0.066192	0.449746	-0.320143	0.021740	0.234127	-0.046550	-0.649960	-0.305058	0.104252	-0.145803	0.336048	-0.278626	0.672370	0.481860	-0.001795	1.135220	-0.217855	-0.049450	0.043035	0.924340	0.198095	1.391335	0.958084	-0.779220	-0.426745	0.194785	-0.373640	0.103500	-1.654205	1.181515	-0.741490	-0.043365	-1.406370
0.129927	-0.045592	0.760560	0.679205	0.020823	0.019826	-0.733386	-0.123742	0.023822	0.053208	-0.035139	0.205822	-0.223625	0.021090	0.206624	-0.084874	0.085130	0.460482	-0.327026	0.020924	0.233320	-0.037819	-0.654023	-0.328075	0.124045	-0.143169	0.324874	-0.297710	0.543975	0.205110	0.255300	0.656975	-0.226170	0.337950	0.120075	0.461160	0.417745	0.842770	0.362810	-0.153410	-0.038225	-0.054450	0.318550	-0.082320	-0.919954	0.816100	0.074240	-0.446235	-0.740950
0.129858	-0.045397	0.760721	0.676198	0.020403	0.019434	-0.736181	-0.116339	0.030401	0.051786	-0.029733	0.201480	-0.216981	0.021375	0.214007	-0.083763	0.099903	0.464259	-0.326280	0.020211	0.231949	-0.033808	-0.653253	-0.341856	0.136896	-0.142833	0.318199	-0.308264	0.281490	0.327145	-0.064370	0.321205	-0.220200	0.180885	-0.005005	0.422610	0.039290	0.695335	0.261486	0.073450	0.064430	-0.189660	0.262765	0.094186	-0.711500	0.554320	0.108350	-0.598345	-0.468880
0.129531	-0.045370	0.760760	0.674448	0.020771	0.019131	-0.737782	-0.112482	0.036908	0.050633	-0.022291	0.197014	-0.216390	0.020890	0.223528	-0.083302	0.112943	0.470941	-0.324088	0.023501	0.225734	-0.027308	-0.650256	-0.356535	0.146218	-0.138835	0.300940	-0.316465	0.100285	0.390315	-0.120390	0.326775	-0.133800	-0.381105	-0.119845	0.520590	-0.044380	0.786365	0.336140	0.129055	0.240670	-0.297185	0.282155	0.125210	-0.776010	0.456995	0.079100	-0.880255	-0.365786
0.128474	-0.045463	0.760836	0.673089	0.021662	0.017815	-0.739029	-0.112328	0.046013	0.046971	-0.016662	0.196128	-0.232225	0.016581	0.234830	-0.085538	0.131357	0.477704	-0.321118	0.029838	0.220062	-0.022522	-0.648245	-0.372896	0.155175	-0.139669	0.282989	-0.322896	0.171740	0.295490	-0.101840	0.317860	0.010635	-0.523900	-0.164325	0.350010	0.023155	0.613580	0.337545	-0.244800	-0.026060	-0.290870	0.289125	0.022748	-0.865425	0.409790	0.040275	-1.051401	-0.295240
0.128420	-0.045598	0.760492	0.670175	0.021670	0.017960	-0.741670	-0.105612	0.048728	0.046559	-0.009577	0.197439	-0.237346	0.014317	0.237528	-0.082376	0.137486	0.484443	-0.333880	0.022459	0.214099	-0.015743	-0.649346	-0.391152	0.162610	-0.137224	0.258884	-0.328275	0.192060	0.146910	-0.048100	0.280120	0.023145	-0.201915	-0.074980	0.128925	0.060730	0.327140	0.203900	-0.354035	-0.267845	-0.242310	0.245550	-0.056525	-0.783245	0.326410	0.081651	-1.010731	-0.195709
0.127669	-0.045518	0.760544	0.669290	0.022113	0.017039	-0.742477	-0.104645	0.051890	0.045047	-0.005457	0.197054	-0.240302	0.013582	0.239987	-0.083109	0.144443	0.485860	-0.335279	0.019124	0.210369	-0.012700	-0.650506	-0.404226	0.168232	-0.136403	0.242559	-0.330724	0.043170	0.131370	0.046115	0.199730	0.023995	-0.017955	0.007000	0.096180	0.066190	0.175985	0.148210	0.116115	0.005465	-0.180000	0.177470	-0.021790	-0.483500	0.216215	0.139680	-0.743290	-0.073890
0.128932	-0.045523	0.760675	0.669413	0.019771	0.018394	-0.742400	-0.103886	0.053982	0.048404	-0.001587	0.198399	-0.238064	0.014597	0.241376	-0.079728	0.144526	0.490371	-0.329235	0.022677	0.206899	-0.008644	-0.650218	-0.410492	0.171258	-0.131637	0.229152	-0.331230	0.074980	0.198360	0.116555	0.260085	0.066255	-0.185300	0.014825	0.088195	0.147845	0.091980	0.214989	0.189350	0.238330	-0.258010	0.246315	0.046945	-0.496350	0.340555	0.324155	-1.022860	-0.006021
0.129552	-0.045475	0.760600	0.668599	0.018730	0.018297	-0.743162	-0.101646	0.059824	0.049709	0.004946	0.199704	-0.247714	0.014175	0.243515	-0.077195	0.148122	0.494460	-0.327705	0.028657	0.200049	-0.002847	-0.648628	-0.424080	0.181854	-0.123437	0.201645	-0.330965	-0.058085	0.127795	0.227525	0.277305	0.017230	-0.190365	0.034815	0.161300	0.258130	0.308765	0.137840	0.336140	0.381500	-0.230335	0.198805	0.014362	-0.558120	0.446825	0.290745	-1.060630	0.008615
0.130147	-0.045594	0.760925	0.669606	0.016920	0.020052	-0.742253	-0.106209	0.059094	0.057505	0.009505	0.199088	-0.245679	0.015990	0.247828	-0.069403	0.156876	0.495885	-0.315790	0.037937	0.197686	-0.000692	-0.649643	-0.432817	0.189131	-0.120007	0.186727	-0.330886	0.114645	0.058460	0.091340	0.472555	-0.084245	0.245965	0.145955	-0.052225	0.145640	0.034210	0.019891	-0.120430	-0.048775	-0.155665	0.124945	-0.150146	-0.584915	0.372930	0.169285	-1.026105	0.005580
0.129046	-0.045614	0.760469	0.665635	0.018562	0.018739	-0.745812	-0.097060	0.062162	0.053363	0.023848	0.196334	-0.237875	0.020013	0.241426	-0.071369	0.149490	0.495256	-0.332522	0.026706	0.193822	0.002151	-0.654634	-0.447477	0.196771	-0.116666	0.160601	-0.330742	0.214900	0.257280	-0.105745	0.755170	-0.048740	-0.065830	0.122375	-0.328010	-0.067155	-0.286515	-0.035700	-0.522784	-0.452100	-0.130895	0.162480	-0.307915	-0.651060	0.406765	0.122820	-0.843840	-0.011795
0.128657	-0.045378	0.760364	0.665531	0.018087	0.017511	-0.745945	-0.097613	0.069385	0.053275	0.039712	0.197139	-0.248312	0.020885	0.234707	-0.072089	0.145416	0.494457	-0.336701	0.019853	0.192450	0.005807	-0.661960	-0.458859	0.205402	-0.115094	0.152974	-0.331357	0.021835	0.222935	-0.028980	0.398485	-0.011165	-0.046835	0.029965	-0.218470	-0.022480	-0.040505	-0.021120	-0.117230	-0.159390	-0.059885	0.161015	-0.297719	-0.394834	0.285565	0.080685	-0.292620	-0.024614
0.128438	-0.045189	0.760476	0.664819	0.017781	0.016659	-0.746607	-0.096187	0.071080	0.052203	0.039788	0.195888	-0.239749	0.021212	0.232687	-0.072269	0.147870	0.494411	-0.337211	0.020330	0.191427	0.008591	-0.666543	-0.463270	0.208194	-0.113438	0.148896	-0.331726	0.126850	0.186090	-0.041055	0.248534	-0.041945	0.075126	0.023835	-0.173854	-0.009720	-0.020190	-0.025395	-0.186070	-0.124180	-0.051450	0.122620	-0.375181	-0.301320	0.162105	0.072805	-0.334239	-0.027090
0.128493	-0.045306	0.760224	0.664293	0.017797	0.016461	-0.747079	-0.092539	0.076829	0.051633	0.049653	0.195461	-0.245307	0.021838	0.227753	-0.072478	0.144608	0.493441	-0.344144	0.014886	0.190392	0.010712	-0.676967	-0.470912	0.211886	-0.112182	0.139604	-0.332441	0.061095	0.246985	0.031220	0.258905	-0.018365	-0.240135	-0.009945	-0.075120	0.021285	-0.026570	-0.021081	0.042130	-0.055890	-0.011220	0.060410	-0.427280	-0.284991	0.165930	0.023460	-0.325300	-0.028455
0.129131	-0.045548	0.760347	0.664175	0.016471	0.016936	-0.747204	-0.093743	0.080959	0.053452	0.050144	0.195153	-0.249354	0.020814	0.229682	-0.071417	0.146807	0.493568	-0.335526	0.018095	0.190978	0.011008	-0.683634	-0.474670	0.214831	-0.112500	0.135884	-0.332865	-0.033665	0.182395	0.019415	0.008506	-0.002075	-0.141416	-0.053765	0.041715	0.020970	0.085449	0.040270	0.288270	0.144150	0.025130	-0.003530	-0.322135	-0.178184	0.135590	-0.025005	-0.214811	-0.023431
0.129158	-0.045491	0.760419	0.663563	0.015901	0.016374	-0.747772	-0.093886	0.084125	0.052410	0.049993	0.195378	-0.250964	0.019687	0.229422	-0.071639	0.148026	0.495052	-0.332613	0.020652	0.191397	0.010571	-0.689852	-0.478039	0.217310	-0.113182	0.131012	-0.333378	0.109215	0.192500	-0.091990	-0.020160	0.000515	-0.076865	-0.068535	-0.139990	-0.042580	-0.034930	0.023956	-0.140735	-0.085140	0.012810	-0.031935	-0.368065	-0.186735	0.141110	-0.048625	-0.156060	-0.043955
0.128975	-0.045498	0.760121	0.661396	0.015929	0.015633	-0.749705	-0.089374	0.088659	0.049773	0.049337	0.195174	-0.252429	0.018073	0.224083	-0.073120	0.145410	0.494526	-0.341156	0.014689	0.191491	0.009730	-0.698356	-0.482139	0.220475	-0.114445	0.129642	-0.334623	0.077690	0.201310	-0.092985	0.021410	0.027785	-0.138631	-0.064875	-0.175695	-0.068690	-0.114315	0.016715	-0.208690	-0.201570	0.000615	-0.021655	-0.365409	-0.162171	0.097625	-0.023125	-0.082325	-0.063384
0.129085	-0.045356	0.760291	0.661783	0.015296	0.014761	-0.749394	-0.090778	0.092177	0.048690	0.050850	0.196489	-0.256509	0.017092	0.222394	-0.074387	0.143453	0.495720	-0.340961	0.012589	0.191422	0.009705	-0.704469	-0.484526	0.221215	-0.114107	0.127719	-0.335914	-0.040765	0.134520	-0.019440	0.197165	0.099510	-0.248980	-0.030440	-0.174820	-0.040565	-0.186580	0.037605	-0.109211	-0.154480	0.012485	-0.039885	-0.375065	-0.130200	0.038390	-0.002230	-0.121915	-0.089405
0.129122	-0.045260	0.760147	0.661648	0.014783	0.014203	-0.749534	-0.091005	0.094040	0.048995	0.057224	0.199154	-0.262388	0.016855	0.217090	-0.074743	0.137947	0.496030	-0.345524	0.008510	0.191990	0.008135	-0.713359	-0.487347	0.222011	-0.114534	0.124765	-0.338199	0.050610	0.045275	0.001805	0.162140	0.052140	0.074086	0.012485	-0.260706	0.004430	-0.175650	-0.026435	-0.237145	-0.197140	-0.000415	-0.058485	-0.313026	-0.098264	-0.007140	0.018145	-0.164215	-0.107710
0.129088	-0.045261	0.760109	0.660790	0.014581	0.013688	-0.750304	-0.088754	0.093988	0.048762	0.057335	0.198575	-0.253545	0.017592	0.211966	-0.074210	0.136427	0.494663	-0.350447	0.004704	0.191405	0.007365	-0.716990	-0.488457	0.220929	-0.113381	0.121150	-0.340222	-0.034475	0.063920	-0.083065	-0.019180	-0.026850	0.252825	0.009295	-0.128005	-0.072860	0.047570	-0.043560	-0.032620	-0.050130	-0.018895	-0.066895	-0.139396	-0.040819	-0.050200	0.035970	-0.156455	-0.096291
0.128428	-0.045128	0.760402	0.662273	0.014648	0.012042	-0.749022	-0.092384	0.096597	0.045672	0.056457	0.198080	-0.252275	0.017227	0.211970	-0.077657	0.139850	0.494288	-0.346829	0.006505	0.191234	0.005459	-0.718935	-0.488980	0.220003	-0.113095	0.118507	-0.342051	-0.127225	0.168680	-0.212730	-0.185000	-0.031610	-0.070640	-0.081055	-0.026985	-0.245390	0.090495	-0.004096	0.004100	0.007535	-0.009850	-0.143285	-0.050224	-0.015846	-0.051500	-0.049620	-0.066900	-0.098585
0.127468	-0.045107	0.760319	0.661403	0.015703	0.010207	-0.749797	-0.093843	0.100735	0.040253	0.049935	0.197311	-0.256371	0.014350	0.210886	-0.084025	0.140047	0.494499	-0.350283	0.005005	0.191011	0.001634	-0.718999	-0.489091	0.218869	-0.115366	0.118474	-0.344165	-0.071445	0.071995	-0.102165	-0.205615	0.008170	-0.033710	-0.087435	-0.068795	-0.128820	-0.055155	0.058864	-0.086814	-0.018935	-0.030185	-0.177205	0.049821	0.015614	-0.079160	-0.076005	0.028530	-0.119135
0.127866	-0.045055	0.760350	0.662690	0.014805	0.010088	-0.748680	-0.095242	0.099477	0.041586	0.048232	0.198407	-0.253623	0.013729	0.209218	-0.082810	0.137644	0.496642	-0.350301	0.005747	0.190027	-0.001629	-0.716942	-0.488355	0.216837	-0.116135	0.119648	-0.346816	-0.058510	-0.081135	0.037620	-0.082530	0.027585	0.312975	0.007985	-0.071580	-0.004170	-0.158805	0.100621	0.018290	0.037600	-0.032030	-0.146095	0.128695	0.057641	-0.105125	-0.038720	0.096850	-0.133315
0.127819	-0.044933	0.760502	0.663389	0.014590	0.009580	-0.748071	-0.096183	0.097490	0.041758	0.046634	0.198414	-0.243852	0.014669	0.208023	-0.084192	0.133695	0.498524	-0.349551	0.006509	0.189730	-0.004210	-0.713851	-0.486785	0.214664	-0.116915	0.122348	-0.349498	-0.084615	-0.022230	-0.016645	-0.079990	-0.001960	0.230630	0.027245	-0.119895	-0.052755	-0.211435	0.066326	-0.077826	0.001595	-0.002190	-0.102730	0.063550	0.085156	-0.121330	-0.014005	0.185005	-0.152455
0.127847	-0.044720	0.760459	0.664696	0.014549	0.008902	-0.746920	-0.098626	0.098587	0.040920	0.045033	0.198328	-0.244398	0.014819	0.204422	-0.084920	0.129186	0.499295	-0.353414	0.005811	0.189939	-0.005738	-0.714400	-0.484949	0.211983	-0.116696	0.127048	-0.352914	-0.073095	-0.029685	-0.041930	-0.201650	-0.065755	0.294035	0.015405	-0.185950	0.001030	-0.170985	0.000090	-0.182350	-0.013030	0.022030	-0.089060	-0.023766	0.098154	-0.147705	-0.015105	0.227720	-0.174100
0.128053	-0.044820	0.760514	0.665230	0.014316	0.008773	-0.746450	-0.099107	0.096303	0.040081	0.038568	0.195784	-0.232091	0.015285	0.200585	-0.084151	0.126856	0.498528	-0.356845	0.005988	0.190611	-0.007772	-0.714802	-0.482859	0.208756	-0.117519	0.131457	-0.356462	-0.032825	-0.051825	-0.021855	-0.393320	-0.160185	0.462180	-0.002940	-0.112069	-0.019670	-0.042850	-0.028626	-0.092315	0.042505	0.023010	-0.051850	0.019220	0.106719	-0.110250	-0.027275	0.271750	-0.167805
0.128171	-0.044805	0.760649	0.667435	0.014536	0.008583	-0.744477	-0.099939	0.096514	0.040046	0.029300	0.191921	-0.225911	0.014702	0.199939	-0.085707	0.127472	0.498150	-0.357107	0.007511	0.190860	-0.007812	-0.713631	-0.480680	0.207573	-0.117787	0.137918	-0.359626	-0.146630	-0.105985	0.036895	-0.264356	-0.131340	0.232705	0.007505	0.011610	-0.123425	-0.175310	0.044125	-0.000680	0.034845	-0.013010	-0.003800	0.079246	0.123171	-0.097540	0.008495	0.348015	-0.189130
0.128000	-0.044840	0.760628	0.670365	0.015324	0.008519	-0.741825	-0.104972	0.092063	0.041557	0.027994	0.190530	-0.222782	0.015585	0.201049	-0.089088	0.119843	0.500293	-0.356872	0.007382	0.190091	-0.007924	-0.711632	-0.477932	0.204854	-0.117179	0.145377	-0.364027	-0.136390	-0.304734	0.011255	-0.139345	-0.030200	0.283274	0.037860	-0.030360	-0.177845	-0.386305	0.036421	-0.132199	-0.110360	-0.040215	-0.016795	0.177653	0.160805	-0.145860	0.033340	0.397895	-0.247689
0.127788	-0.044625	0.760562	0.672104	0.015948	0.008188	-0.740239	-0.105395	0.084325	0.040496	0.023726	0.190713	-0.214580	0.016216	0.198725	-0.092821	0.112020	0.499607	-0.362395	0.003097	0.189251	-0.008484	-0.706525	-0.474248	0.201739	-0.116453	0.153834	-0.369534	0.099800	-0.456651	0.156287	-0.222715	-0.022705	0.737847	0.100846	0.013035	-0.016669	-0.370921	-0.018415	-0.033424	-0.206695	0.019435	-0.011355	0.134599	0.155431	-0.075364	-0.021131	0.440597	-0.235736
0.129796	-0.044798	0.760736	0.673445	0.015035	0.010890	-0.739004	-0.100980	0.073797	0.047808	0.019085	0.189622	-0.193269	0.019619	0.201571	-0.089755	0.105006	0.499556	-0.358209	-0.000886	0.190868	-0.008379	-0.706248	-0.471715	0.201840	-0.118025	0.163001	-0.373457	0.106785	-0.609661	0.327685	-0.445536	-0.067070	1.136567	0.166665	0.168190	0.138555	-0.216825	-0.029080	0.184684	-0.129755	0.049655	0.056925	0.102231	0.150350	-0.001746	-0.033960	0.542476	-0.247987
0.129883	-0.045307	0.761041	0.675890	0.016010	0.012622	-0.736721	-0.101124	0.059939	0.053603	0.005905	0.188030	-0.169117	0.022883	0.205453	-0.087279	0.103347	0.498444	-0.355008	-0.002093	0.191237	-0.006207	-0.702436	-0.468234	0.201669	-0.117811	0.175533	-0.379453	0.044880	-0.698790	0.155289	-0.883986	-0.111396	1.313100	0.061089	0.381280	-0.068671	0.093206	-0.050665	0.236185	-0.003579	-0.013020	0.167230	0.112580	0.133640	-0.114036	0.126761	0.230833	-0.238764
0.129339	-0.045635	0.761565	0.678104	0.018331	0.013324	-0.734618	-0.099185	0.045846	0.054020	-0.016274	0.185166	-0.140745	0.022063	0.216822	-0.092501	0.108735	0.497529	-0.348762	-0.001029	0.190347	-0.001689	-0.701745	-0.466369	0.197278	-0.112954	0.172235	-0.383007	0.051615	-0.810826	0.089950	-1.341152	-0.179365	1.441570	-0.079225	0.810187	-0.195470	0.377390	0.063191	0.621471	0.175525	-0.040620	0.206015	0.046486	0.084020	-0.149520	0.205515	-0.134865	-0.175729
0.129776	-0.046385	0.762385	0.681741	0.019598	0.016360	-0.731148	-0.099059	0.027506	0.057201	-0.047741	0.180856	-0.111455	0.019714	0.237860	-0.095098	0.118443	0.500971	-0.330149	0.004928	0.189612	0.002034	-0.700576	-0.464873	0.195688	-0.109591	0.170138	-0.386483	0.026295	-1.003664	-0.007640	-1.644644	-0.186929	1.526838	-0.132445	1.127599	-0.205665	0.441610	0.297666	0.858869	0.269085	-0.049735	0.174060	0.088041	0.070679	-0.002030	0.124130	-0.002965	-0.173245
0.130641	-0.047234	0.763205	0.685798	0.021840	0.018958	-0.727218	-0.098133	0.005699	0.053714	-0.082060	0.177689	-0.079671	0.016765	0.261926	-0.100728	0.126399	0.509436	-0.314407	0.009734	0.188358	0.005273	-0.698223	-0.463542	0.197197	-0.107989	0.172116	-0.389937	0.057905	-1.273364	-0.185435	-1.924613	-0.269735	2.191185	-0.070020	1.227669	-0.188435	0.313945	0.472589	0.445509	0.047580	-0.076605	0.184760	0.146221	0.059435	0.115860	0.070525	0.203940	-0.179896
0.130178	-0.048476	0.763403	0.687124	0.025717	0.021994	-0.725752	-0.096743	-0.023429	0.049784	-0.124726	0.170066	-0.023807	0.016913	0.286967	-0.102635	0.131000	0.519875	-0.312328	0.006831	0.186548	0.009424	-0.694728	-0.462496	0.200323	-0.106770	0.178296	-0.393678	-0.052325	-1.391096	-0.260400	-2.326401	-0.449005	3.109787	0.058345	1.324651	-0.081365	0.374071	0.588246	0.069910	-0.215495	-0.078960	0.198210	0.201520	0.047611	0.151680	0.036270	0.322570	-0.189284
0.129816	-0.049575	0.763698	0.691040	0.029246	0.024530	-0.721808	-0.100226	-0.049945	0.043298	-0.175116	0.159729	0.044720	0.019099	0.314912	-0.103983	0.141362	0.532966	-0.311611	0.001114	0.185200	0.013201	-0.690162	-0.461638	0.203264	-0.106538	0.185019	-0.397508	-0.365996	-1.374016	-0.276945	-2.588141	-0.628931	3.298561	0.148845	1.674436	-0.044115	0.539781	0.844687	0.237525	-0.162755	-0.069400	0.236735	0.278801	0.044820	0.137935	0.034390	0.361090	-0.190584
0.129389	-0.051223	0.763991	0.697058	0.033337	0.028453	-0.715674	-0.111383	-0.078390	0.038706	-0.228252	0.144909	0.108135	0.022867	0.353944	-0.104400	0.152592	0.553662	-0.302827	0.000321	0.183772	0.018893	-0.683576	-0.460703	0.205840	-0.105394	0.192740	-0.401302	-0.859139	-1.276634	-0.096590	-2.367663	-0.704670	1.981683	0.131085	2.189584	-0.091970	0.561870	1.174533	0.432714	0.015255	-0.075655	0.303115	0.295645	0.038510	0.109719	0.037665	0.387935	-0.187646
0.127835	-0.053293	0.764230	0.707152	0.039513	0.032048	-0.705229	-0.134592	-0.101010	0.039434	-0.269823	0.131542	0.123988	0.024342	0.402495	-0.107661	0.163837	0.579947	-0.294302	0.001724	0.182173	0.025326	-0.678336	-0.460097	0.207653	-0.105032	0.200536	-0.405014	-1.093259	-1.476084	-0.115205	-1.708658	-0.504249	1.082543	0.139760	2.369418	-0.117935	0.554084	1.490338	0.057559	0.011130	-0.076655	0.328540	0.296214	0.028799	0.100320	0.009405	0.455060	-0.181905
0.124375	-0.055421	0.763605	0.715069	0.046770	0.034342	-0.696642	-0.155113	-0.137433	0.034098	-0.296598	0.124739	0.151437	0.028457	0.448721	-0.109117	0.174755	0.613276	-0.300525	0.000766	0.180706	0.032035	-0.671727	-0.459551	0.209853	-0.105018	0.210942	-0.408578	-0.919491	-1.901656	-0.228390	-1.219605	-0.265975	1.927561	0.365190	2.419886	-0.043975	0.531575	1.823662	-0.341965	-0.132225	-0.063150	0.333760	0.381845	0.037330	0.114381	0.045760	0.443815	-0.167460
0.122893	-0.057509	0.763266	0.723954	0.051391	0.038432	-0.686857	-0.171371	-0.177076	0.030299	-0.318607	0.120903	0.201090	0.038950	0.499291	-0.109420	0.185100	0.652894	-0.307981	-0.003565	0.179647	0.038676	-0.663063	-0.458604	0.212228	-0.103201	0.218289	-0.411713	-0.859975	-1.878571	-0.199870	-1.339822	-0.270365	2.140082	0.494290	2.908097	-0.022940	0.868351	2.094047	0.078165	0.053465	-0.047900	0.394865	0.434496	0.061590	0.131070	0.127110	0.443750	-0.147551
0.120467	-0.059699	0.762707	0.732955	0.056452	0.042412	-0.676603	-0.189512	-0.212576	0.026103	-0.350191	0.113924	0.237040	0.048229	0.565045	-0.110035	0.209489	0.697038	-0.297398	0.002905	0.178790	0.047830	-0.654347	-0.457087	0.215096	-0.099934	0.228692	-0.414480	-0.687514	-1.732029	-0.217185	-1.491584	-0.237325	1.564619	0.428735	3.268437	0.053065	1.308468	2.397776	0.141630	0.217705	-0.025000	0.491504	0.323404	0.077765	0.106260	0.197500	0.450930	-0.122745
0.117508	-0.061960	0.761634	0.740387	0.062229	0.046105	-0.667704	-0.198872	-0.246358	0.021611	-0.378270	0.111410	0.263675	0.056099	0.630028	-0.107298	0.237438	0.748805	-0.302315	0.005144	0.178647	0.058337	-0.650126	-0.455493	0.216479	-0.095301	0.236326	-0.416622	-0.573599	-1.520404	-0.129465	-1.406433	-0.038525	0.616108	0.274515	3.588787	0.124785	1.653789	2.764767	0.148480	0.251530	-0.015120	0.565770	0.159106	0.090115	0.044370	0.302385	0.260110	-0.087029
0.114008	-0.064192	0.760887	0.748434	0.067171	0.049463	-0.657942	-0.212456	-0.273392	0.020925	-0.406448	0.112383	0.261685	0.059209	0.708596	-0.105043	0.275641	0.807629	-0.291459	0.012966	0.178185	0.070460	-0.647983	-0.453483	0.216871	-0.087838	0.239096	-0.417961	-0.736830	-1.552786	0.015065	-1.434471	0.187325	0.309101	0.168620	4.372393	0.356045	2.469416	3.027607	1.693084	0.848660	-0.005135	0.580460	0.154760	0.119910	0.081835	0.359480	0.206900	-0.049990
0.109996	-0.066059	0.760031	0.756464	0.069215	0.052419	-0.648247	-0.228345	-0.308469	0.022214	-0.435649	0.118903	0.276039	0.062844	0.804924	-0.093056	0.336215	0.869909	-0.234592	0.039090	0.178442	0.081555	-0.643936	-0.450697	0.219752	-0.080922	0.244602	-0.418622	-0.492470	-1.631344	-0.122259	-1.449469	0.370099	0.360945	0.129855	4.763731	0.816729	3.226754	3.333512	2.347382	1.352309	-0.011645	0.553229	0.178680	0.146335	0.140065	0.328524	0.328019	-0.029510
0.104851	-0.068746	0.758528	0.759954	0.076442	0.054860	-0.643131	-0.232155	-0.338646	0.016034	-0.464427	0.127187	0.276122	0.064403	0.899146	-0.072374	0.404711	0.940969	-0.197564	0.067058	0.177719	0.092590	-0.640836	-0.447629	0.222473	-0.074697	0.252217	-0.419142	0.005250	-1.841776	-0.560680	-1.180010	0.609911	1.093931	0.177625	4.131806	1.289776	3.460733	3.640969	0.455743	0.999160	-0.072595	0.549515	0.148770	0.157106	0.103035	0.289570	0.422695	-0.025905
0.097931	-0.071500	0.755728	0.758961	0.084283	0.055485	-0.643270	-0.228135	-0.382140	-0.000213	-0.482849	0.143299	0.319796	0.069949	0.970196	-0.041465	0.474644	1.015548	-0.216362	0.079056	0.175538	0.103536	-0.637985	-0.444413	0.223873	-0.069339	0.261510	-0.419658	-0.050266	-1.718885	-0.768225	-0.873841	0.777631	2.062298	0.294244	3.977332	1.295160	3.792459	3.281759	0.214706	0.628221	-0.117555	0.445326	0.127874	0.155069	0.046895	0.187831	0.408240	-0.015790
0.090330	-0.073945	0.752867	0.762854	0.089686	0.052855	-0.638135	-0.234165	-0.407401	-0.014695	-0.499381	0.158293	0.358614	0.076173	1.058239	-0.020568	0.556409	1.072239	-0.188976	0.092187	0.173017	0.110403	-0.635721	-0.441427	0.224349	-0.067184	0.268547	-0.419773	0.045609	-1.606488	-0.729649	-0.636345	0.545759	2.051033	0.376509	4.106668	1.413488	3.414541	3.269801	0.399142	0.777250	-0.177055	0.303560	0.110678	0.149464	-0.015995	0.069265	0.383665	-0.009356
0.081240	-0.076871	0.749204	0.759116	0.102051	0.053846	-0.640648	-0.226311	-0.446400	-0.029399	-0.508303	0.165130	0.401838	0.085009	1.134463	0.015075	0.611226	1.146340	-0.200397	0.110146	0.168456	0.115678	-0.633558	-0.438434	0.223234	-0.066569	0.276856	-0.420032	0.372210	-1.275720	-0.701581	-0.132510	0.505210	1.559367	0.346745	3.615055	1.149166	2.123247	3.377566	-1.454033	0.348076	-0.264455	0.277410	0.062245	0.149766	-0.169875	0.026250	0.327055	-0.013795
0.070702	-0.079796	0.745771	0.755020	0.111693	0.049305	-0.644235	-0.219277	-0.458430	-0.042758	-0.504681	0.178501	0.420989	0.090043	1.202841	0.025399	0.641339	1.207342	-0.247137	0.106110	0.162439	0.121499	-0.633231	-0.435436	0.217554	-0.066134	0.281629	-0.420325	-0.003584	-0.597625	-0.376115	0.110391	0.545014	0.285585	0.248420	3.361300	0.298145	0.734061	2.953496	-2.627988	-0.580310	-0.354614	0.090180	0.147420	0.179340	-0.421764	-0.188180	0.155681	0.014425
0.059992	-0.082440	0.742419	0.751227	0.119915	0.046737	-0.647376	-0.226454	-0.470305	-0.044444	-0.503888	0.186930	0.413261	0.094946	1.268915	0.027000	0.640588	1.264480	-0.305516	0.086934	0.154271	0.119285	-0.627661	-0.431261	0.206363	-0.074096	0.283084	-0.419455	-0.326220	-0.859445	-0.040630	0.015265	0.467145	0.328746	0.371840	3.326303	-0.221746	-0.812483	2.688721	-2.755728	-0.994591	-0.378230	-0.051370	0.425296	0.233705	-0.686386	-0.337810	-0.139586	0.044926
0.049448	-0.084154	0.738559	0.746002	0.126484	0.044786	-0.652287	-0.232326	-0.492808	-0.044383	-0.504070	0.197187	0.434139	0.104917	1.335893	0.016529	0.608840	1.314891	-0.357366	0.066326	0.147310	0.119444	-0.616219	-0.426088	0.190099	-0.079646	0.276046	-0.418528	-0.496921	-0.441446	-0.163255	-0.158940	0.607894	0.173455	0.315395	3.205824	-1.161369	-1.800089	2.169251	-2.620386	-1.358155	-0.318275	-0.127360	0.697976	0.280275	-0.927340	-0.359075	-0.567630	0.065985
0.037391	-0.085848	0.734943	0.742166	0.133050	0.037416	-0.655811	-0.246331	-0.487962	-0.050974	-0.510245	0.211246	0.420199	0.107562	1.397148	-0.019454	0.568585	1.351250	-0.410332	0.032608	0.141540	0.114191	-0.599742	-0.420050	0.169269	-0.088459	0.260378	-0.416816	-0.704237	0.605333	-0.230364	-0.194284	0.944001	-1.541656	-0.100379	2.880186	-1.931763	-1.862605	1.625589	-2.118043	-1.296076	-0.113695	-0.322353	0.739416	0.283550	-0.962292	-0.654987	-0.766557	0.073475
0.025187	-0.087096	0.731844	0.738052	0.136761	0.027400	-0.660171	-0.260495	-0.468594	-0.053598	-0.511842	0.234947	0.372473	0.100901	1.451101	-0.060741	0.534335	1.379914	-0.442088	0.014483	0.142762	0.106550	-0.586643	-0.414746	0.151607	-0.105846	0.245383	-0.415589	-0.894534	0.735511	-0.056525	-0.184596	1.602177	-2.853810	-0.391025	2.670780	-1.948193	-1.515274	1.288208	-0.640884	-0.453919	0.195766	-0.471921	0.753380	0.305891	-0.984887	-1.185984	-0.824237	0.028500
0.011995	-0.088426	0.727983	0.733589	0.138825	0.016896	-0.665048	-0.282112	-0.458542	-0.053235	-0.517629	0.275333	0.306047	0.091921	1.503979	-0.097382	0.507974	1.402778	-0.435967	0.014451	0.149371	0.095314	-0.569607	-0.407814	0.129874	-0.135898	0.227409	-0.415676	-1.214175	-0.374591	-0.206937	-0.628141	3.160365	-2.702699	-0.251522	1.820502	-1.327780	-1.448389	1.108423	0.424317	0.540395	0.722367	-0.652519	0.620568	0.382169	-1.146064	-2.184269	-0.509858	-0.157584
-0.002818	-0.088589	0.724419	0.725817	0.139009	0.005886	-0.673670	-0.309062	-0.483578	-0.061875	-0.536967	0.361361	0.264365	0.090841	1.523921	-0.113853	0.476400	1.424251	-0.425115	0.036099	0.171657	0.080449	-0.561820	-0.399459	0.105764	-0.193217	0.224989	-0.421892	-1.565933	-3.514946	-1.306542	-1.965392	7.214271	-1.591904	0.421071	-0.477445	-0.949458	-2.602060	0.613305	-0.693379	0.626938	1.628690	-0.748609	-0.082190	0.533885	-1.564335	-3.795489	0.286106	-0.717781
-0.019004	-0.087907	0.720612	0.718957	0.138246	-0.005616	-0.681145	-0.344749	-0.599140	-0.105497	-0.596245	0.563904	0.242371	0.108764	1.484881	-0.135360	0.403892	1.427310	-0.463702	0.039529	0.214519	0.065370	-0.572895	-0.386459	0.067301	-0.287718	0.238853	-0.444387	-1.833206	-6.745406	-2.233661	-3.295848	10.606225	0.374259	1.394419	-3.537753	-0.620722	-4.211699	-0.702977	-1.745255	-0.159317	2.000632	0.019756	-1.253088	0.582556	-1.665857	-4.056511	1.175078	-1.580779
-0.034570	-0.087054	0.717224	0.713434	0.133857	-0.012485	-0.687705	-0.382391	-0.753394	-0.151222	-0.668801	0.785610	0.279335	0.146617	1.382411	-0.138681	0.307932	1.396132	-0.494925	0.029726	0.251682	0.081240	-0.611943	-0.376157	0.039130	-0.355477	0.271992	-0.485124	-1.654709	-8.104080	-2.003399	-3.852060	11.266100	0.630739	1.943372	-6.317416	0.762014	-4.582246	-2.091038	-0.800688	0.042137	2.043751	1.615649	-2.407879	0.671801	-1.751706	-3.522837	2.425457	-3.344732
-0.049492	-0.086202	0.714454	0.706178	0.124984	-0.013658	-0.696782	-0.410938	-0.923303	-0.185633	-0.750327	1.014548	0.267600	0.186499	1.232185	-0.104880	0.220602	1.343669	-0.495730	0.041214	0.296269	0.129996	-0.669210	-0.359587	-0.002768	-0.428631	0.335872	-0.578176	-0.498865	-7.955021	-1.091755	-3.442058	9.283770	0.900442	2.490632	-6.672600	2.169226	-3.734169	-2.080828	-0.708842	-0.362234	2.089895	3.063600	-3.720100	0.860268	-1.986296	-3.626209	2.979763	-5.529641
-0.065512	-0.084925	0.712125	0.691276	0.117766	-0.013369	-0.712804	-0.402345	-1.071595	-0.194892	-0.806484	1.156961	0.315353	0.246243	1.115507	-0.051912	0.158565	1.312899	-0.523279	0.015237	0.335278	0.203784	-0.760747	-0.341746	-0.040322	-0.500525	0.391183	-0.706309	1.157843	-6.227165	-0.929522	-3.054713	7.063717	0.934000	1.882507	-4.313445	2.890113	-1.801958	-1.011473	0.150598	-0.264895	1.884225	3.335883	-4.170594	0.797801	-2.058385	-4.093587	2.736905	-5.688432
-0.078891	-0.083453	0.710577	0.664820	0.111551	-0.011282	-0.738542	-0.364624	-1.172390	-0.222814	-0.872516	1.297097	0.304960	0.261799	1.059647	0.010725	0.148523	1.303210	-0.489706	0.030618	0.371638	0.263431	-0.836033	-0.327675	-0.085103	-0.592375	0.445348	-0.805714	1.780846	-3.604910	-2.028652	-3.223166	5.538898	3.593275	0.353408	-3.006364	2.924088	-0.263034	-1.004189	1.248662	0.572660	1.720404	2.930482	-2.787413	0.762198	-2.953463	-4.610106	3.070790	-5.234787
-0.091450	-0.083030	0.708480	0.629300	0.110698	-0.011157	-0.769157	-0.331111	-1.215792	-0.276038	-0.935410	1.378517	0.459084	0.260379	0.995252	0.065051	0.148044	1.272732	-0.473333	0.038143	0.404094	0.321003	-0.872244	-0.311258	-0.158460	-0.684930	0.514014	-0.915701	1.218456	-0.714728	-2.237197	-2.109663	3.064719	5.464615	-0.000555	-2.684334	2.170438	-0.020014	-0.883067	0.684881	0.358339	1.182012	1.906747	-1.171799	0.564972	-2.581232	-3.309810	2.359150	-3.597146
-0.104742	-0.083301	0.707210	0.597966	0.108996	-0.012980	-0.793970	-0.315886	-1.200979	-0.312301	-0.956902	1.419685	0.523545	0.261777	0.952273	0.097542	0.147723	1.267887	-0.462310	0.044952	0.418918	0.339701	-0.882905	-0.305076	-0.188352	-0.724767	0.539714	-0.949600	0.834649	0.792471	-1.904634	-0.491998	2.943230	1.612884	-0.051884	-2.412607	1.537633	0.308415	-0.726897	0.975222	0.503924	0.765889	0.805680	-0.265254	0.316679	-1.472439	-2.176681	1.246981	-1.487061
-0.118556	-0.083476	0.708575	0.556616	0.107858	-0.016243	-0.823579	-0.297725	-1.184093	-0.352223	-0.955090	1.496246	0.523599	0.258304	0.898748	0.126556	0.160380	1.243656	-0.434324	0.058300	0.434729	0.353230	-0.882854	-0.298591	-0.217358	-0.771997	0.563893	-0.975183	0.873021	0.551620	-2.308240	0.421779	4.116636	0.001356	-0.396620	-2.786462	1.281421	0.989855	-1.622552	1.856036	0.961330	0.829045	0.750156	0.371161	0.385465	-1.665790	-2.584598	1.292707	-1.393560
-0.133573	-0.082396	0.712258	0.511467	0.107522	-0.022096	-0.852263	-0.280965	-1.178914	-0.404631	-0.940031	1.584351	0.523599	0.245912	0.840815	0.148799	0.187317	1.202985	-0.388069	0.083405	0.452080	0.369707	-0.868059	-0.289657	-0.254984	-0.828151	0.591422	-1.005342	0.873750	0.023720	-2.904878	0.775276	4.082024	0.000000	-0.718976	-3.322607	1.075054	1.348078	-2.617055	2.756042	1.431683	0.931110	0.743550	1.034999	0.477726	-2.041712	-2.968498	1.452971	-1.609226
-0.148448	-0.083076	0.718928	0.465126	0.107303	-0.025111	-0.878359	-0.262775	-1.183144	-0.468418	-0.924079	1.659527	0.523599	0.229545	0.765843	0.169559	0.214304	1.138973	-0.324082	0.115568	0.471974	0.382972	-0.841454	-0.279482	-0.299026	-0.890737	0.622012	-1.039552	0.773544	-0.141567	-3.452069	0.925387	3.328830	0.000000	-0.754799	-3.563297	0.840338	1.688230	-3.495946	4.145232	1.887325	1.056362	0.655539	1.571304	0.545938	-2.310009	-3.024323	1.517521	-1.775646
-0.163815	-0.083349	0.728419	0.419957	0.107132	-0.029221	-0.900725	-0.250023	-1.184577	-0.542714	-0.903015	1.717504	0.523599	0.215720	0.698283	0.182413	0.254846	1.063147	-0.222260	0.158898	0.494334	0.395929	-0.805207	-0.267819	-0.347384	-0.949124	0.652123	-1.076368	0.556945	-0.033998	-3.720907	1.028685	2.333611	0.000000	-0.608550	-3.541803	0.463384	1.767999	-3.768367	4.781166	2.025720	1.176306	0.543185	2.045017	0.608385	-2.483547	-2.796735	1.503642	-1.930201
-0.180006	-0.085021	0.740175	0.373313	0.108295	-0.032580	-0.920787	-0.240498	-1.184504	-0.617255	-0.882932	1.752872	0.523599	0.205203	0.624171	0.188094	0.285024	0.988239	-0.132835	0.196597	0.519026	0.404699	-0.759653	-0.255147	-0.398368	-1.002606	0.682158	-1.116760	-0.017922	0.204057	-3.772444	0.966772	1.052248	0.000000	-0.384641	-3.362305	-0.118385	1.207471	-3.498247	5.002188	1.838868	1.280465	0.298407	2.498449	0.649513	-2.507708	-2.383696	1.473665	-2.057528
-0.199979	-0.087371	0.756427	0.321003	0.106620	-0.037028	-0.940329	-0.250740	-1.176414	-0.693612	-0.864345	1.759594	0.523599	0.200334	0.563791	0.177677	0.303145	0.923217	-0.022172	0.232453	0.545553	0.407865	-0.705269	-0.241839	-0.447693	-1.044472	0.711069	-1.158669	-0.958360	0.666422	-3.595282	0.632317	-0.449169	0.000000	-0.096589	-2.043332	-1.083650	0.478262	-3.113620	7.195535	1.627961	1.593947	0.030914	2.691658	0.688913	-2.541444	-1.692319	1.367901	-2.169621
-0.219282	-0.088754	0.771984	0.268443	0.107194	-0.043125	-0.956341	-0.278832	-1.157847	-0.761066	-0.857639	1.734905	0.523599	0.201339	0.542438	0.144748	0.304154	0.863694	0.154986	0.261715	0.582784	0.405936	-0.651987	-0.227590	-0.500026	-1.070299	0.736874	-1.203545	-1.018852	0.892267	-2.572951	-0.095350	-1.858333	0.000000	0.068470	-0.760518	-1.721730	-1.002533	-2.124563	7.284588	0.733658	2.010265	-0.341474	2.796972	0.727923	-2.717839	-0.924832	1.269811	-2.352142
-0.235705	-0.091388	0.784250	0.216811	0.109656	-0.044472	-0.969016	-0.291494	-1.140724	-0.796530	-0.868159	1.685261	0.523599	0.203073	0.533370	0.108808	0.263044	0.838235	0.269211	0.261799	0.625964	0.394206	-0.593390	-0.212722	-0.556406	-1.081465	0.761862	-1.252755	-0.638671	0.852603	-1.644090	-0.588076	-2.521720	0.000000	0.163775	0.041540	-2.078127	-2.498427	-0.637029	4.980822	0.002100	2.312531	-0.795231	2.881958	0.741046	-2.899338	-0.121263	1.231910	-2.496910
-0.252131	-0.093546	0.794873	0.165945	0.110843	-0.047422	-0.978737	-0.304379	-1.123743	-0.826830	-0.881162	1.634036	0.523599	0.207890	0.544100	0.061623	0.204217	0.838213	0.354219	0.261799	0.675285	0.374127	-0.536709	-0.197948	-0.616000	-1.075150	0.786150	-1.303421	-0.495960	0.576168	-1.030247	-0.578037	-2.712464	0.000000	0.330060	0.884779	-2.555726	-3.516026	0.802334	2.272818	0.000000	2.507235	-1.220626	2.965783	0.735981	-3.107071	0.790349	1.244029	-2.554268
-0.267969	-0.095092	0.804473	0.109695	0.112484	-0.050146	-0.986306	-0.311333	-1.117677	-0.837739	-0.891280	1.576762	0.523599	0.216276	0.568761	0.006579	0.122403	0.870328	0.360124	0.261799	0.726253	0.345381	-0.474759	-0.183283	-0.680689	-1.049851	0.811623	-1.354925	-0.425244	0.202268	-0.273210	-0.231089	-2.714393	0.000000	0.569666	1.400071	-2.942067	-3.877482	1.745304	-0.541835	0.000000	2.569407	-1.698781	3.248523	0.723620	-3.383472	1.789021	1.436572	-2.613661
-0.283169	-0.095642	0.811032	0.054735	0.110333	-0.055765	-0.990819	-0.321389	-1.115652	-0.837758	-0.890406	1.525460	0.523599	0.230677	0.600102	-0.056060	0.049118	0.908025	0.332545	0.261799	0.778062	0.306176	-0.406768	-0.169003	-0.751338	-1.003589	0.843613	-1.407968	-0.532735	0.246498	-0.000465	-0.084999	-2.729055	0.000000	0.824860	1.475891	-2.970747	-3.338342	1.689346	-2.228451	0.000000	2.579573	-2.126221	3.570767	0.709321	-3.721073	2.889576	1.794848	-2.647090
-0.298587	-0.095435	0.815147	0.002703	0.109176	-0.064475	-0.991926	-0.332642	-1.107817	-0.837758	-0.894680	1.467600	0.523599	0.249270	0.627797	-0.112251	-0.011131	0.937902	0.270986	0.261799	0.829436	0.260332	-0.331928	-0.154910	-0.829532	-0.934268	0.883417	-1.460809	-1.305066	0.653723	-0.000001	-0.483824	-3.457952	0.000000	0.774879	1.384288	-2.891334	-3.076425	1.345676	-4.512934	0.000000	4.479012	-4.770656	6.773309	1.146921	-8.858101	9.829877	5.890322	-4.401505
-0.314338	-0.093819	0.816120	-0.043899	0.108986	-0.076922	-0.990090	-0.373591	-1.089503	-0.837758	-0.909759	1.387142	0.523599	0.261672	0.655474	-0.171713	-0.073939	0.961852	0.152028	0.261799	0.957222	0.115349	-0.135835	-0.123127	-1.105662	-0.610394	1.079226	-1.584028	-3.792112	1.270583	0.000000	-0.867833	-4.390738	-0.042461	0.313225	0.955248	-2.964159	-3.555491	0.799757	-6.349490	0.000000	9.484927	-12.712765	15.450680	2.014465	-24.736134	32.407768	17.184574	-7.731459
-0.329252	-0.090754	0.815973	-0.078136	0.107991	-0.094329	-0.986577	-0.484326	-1.056994	-0.837758	-0.929393	1.291970	0.521901	0.261799	0.666007	-0.230817	-0.153351	0.969892	0.017006	0.261799	1.208833	-0.248179	0.286099	-0.074331	-1.818977	0.362043	1.570800	-1.770067	-3.228332	0.613755	0.000003	-0.762495	-3.625956	-1.295154	0.003180	-3.547326	-1.059756	-7.538681	-2.224816	-11.458097	-4.562242	7.006240	-12.472232	13.989184	1.067514	-20.428303	28.259838	12.289345	-4.514119
-0.344503	-0.086386	0.810742	-0.129240	0.112265	-0.113064	-0.978729	-0.502725	-1.064953	-0.837758	-0.940258	1.242104	0.471793	0.261799	0.513581	-0.214103	-0.375487	0.872859	-0.306296	0.079309	1.237472	-0.383540	0.423732	-0.080426	-1.922795	0.520000	1.570800	-1.764593	-2.634029	1.070157	-0.000001	-2.037848	-3.530526	-2.387281	0.000000	-1.126283	-1.354174	-4.864973	-2.025494	-0.681730	0.000000	0.951537	-4.690588	5.686178	-0.486845	-1.521593	3.948931	0.000000	-0.100669
-0.360330	-0.089219	0.809913	-0.134937	0.108449	-0.115579	-0.978096	-0.589688	-1.014187	-0.837758	-1.010907	1.150749	0.426409	0.261799	0.620956	-0.284984	-0.347950	0.888873	-0.010263	0.261799	1.246895	-0.435802	0.513546	-0.093805	-1.879841	0.520000	1.570800	-1.774094	-2.373712	0.885329	-0.000001	-2.552617	-3.392780	-1.152447	0.000000	3.228077	-1.953966	-0.822835	0.705814	5.291770	4.562242	0.092310	-1.491200	2.504575	-0.424575	1.674989	0.000000	0.000000	-0.397855
-0.375823	-0.088671	0.802022	-0.174442	0.111529	-0.125220	-0.970284	-0.597673	-1.029540	-0.837758	-1.042363	1.106393	0.425695	0.261799	0.642704	-0.292262	-0.408400	0.901092	-0.094625	0.261799	1.241164	-0.443188	0.523915	-0.097409	-1.855795	0.520000	1.570800	-1.780507	-0.672272	-0.382918	0.000001	-1.780790	-2.126610	-0.716117	0.000000	1.333663	-0.732362	-3.165296	0.800635	-3.161027	0.000000	-0.382686	-0.290641	0.679930	-0.214270	1.684988	0.000000	0.000000	-0.413185
-0.390638	-0.088253	0.792246	-0.205379	0.112233	-0.135074	-0.962797	-0.616579	-1.029504	-0.837758	-1.082139	1.065685	0.397765	0.261799	0.674302	-0.314279	-0.474561	0.920898	-0.136704	0.261799	1.231587	-0.447428	0.540744	-0.102376	-1.812442	0.520000	1.570800	-1.790622	-1.529484	1.049614	0.000001	-2.645859	-2.907847	-1.796400	-0.367815	0.518480	-1.595414	-5.799581	1.706730	-4.050392	-0.151005	-1.507837	0.116040	1.498480	-0.797240	6.131232	0.000000	0.000000	-1.804367
-0.403934	-0.087197	0.779123	-0.221128	0.108065	-0.150401	-0.957499	-0.658852	-0.987555	-0.837758	-1.148197	0.990079	0.353839	0.247086	0.663443	-0.356079	-0.640383	0.969361	-0.256641	0.255759	1.180851	-0.438546	0.583854	-0.129299	-1.610546	0.520000	1.570800	-1.852682	-1.610705	1.213342	0.000000	-2.485928	-2.863240	-0.490920	-0.471297	0.145707	-1.451862	-4.483007	1.183073	-3.042703	-0.002290	-1.484260	0.523498	1.462139	-0.830856	6.243011	0.000000	0.000000	-1.754028
-0.417696	-0.089051	0.766670	-0.236891	0.103356	-0.154485	-0.953591	-0.681007	-0.980971	-0.837758	-1.181576	0.951155	0.378128	0.242947	0.680130	-0.372353	-0.653882	0.968221	-0.258412	0.261707	1.172217	-0.426488	0.599229	-0.135610	-1.562721	0.520000	1.570800	-1.860783	-1.411134	0.997758	-0.000001	-2.232543	-3.673796	3.237333	-1.164790	-0.536257	-0.046246	-2.621472	0.213784	-6.651685	-2.892275	-1.560077	2.214561	1.661721	-1.062035	6.611767	0.000000	0.000000	-0.639775
-0.431280	-0.089810	0.749479	-0.245790	0.098772	-0.168497	-0.949443	-0.715298	-0.947645	-0.837758	-1.237499	0.843127	0.483332	0.200495	0.641993	-0.357928	-0.745242	0.977913	-0.522708	0.140068	1.118447	-0.349964	0.650323	-0.171780	-1.346075	0.520000	1.570800	-1.878273	-1.621231	1.301087	0.000000	-1.948375	-3.874360	3.636779	-1.025278	0.094967	0.522380	1.391792	0.426604	-9.061151	-4.012960	-1.899445	4.125122	1.610723	-1.685694	9.861854	0.000000	0.000000	0.537565
-0.446832	-0.094254	0.734432	-0.250974	0.093100	-0.170437	-0.948312	-0.745856	-0.928927	-0.837758	-1.259511	0.796181	0.523599	0.201936	0.683929	-0.351458	-0.598210	0.985285	-0.620858	0.101189	1.096239	-0.261483	0.663658	-0.203038	-1.168247	0.520000	1.570800	-1.839280	-0.606613	-0.262627	0.000000	0.777498	-0.671828	1.006667	0.851587	2.900875	0.765639	9.412129	1.479563	-5.611323	-3.256209	-1.240528	3.973310	0.389804	-1.514952	8.079362	0.000000	0.000000	2.989659
-0.463122	-0.099417	0.718561	-0.273206	0.089502	-0.170479	-0.942489	-0.739562	-0.958150	-0.837758	-1.206399	0.816254	0.523599	0.234558	0.758028	-0.327303	-0.368757	1.037095	-0.747161	0.009819	1.068826	-0.191032	0.665915	-0.232378	-1.022901	0.520000	1.570800	-1.758686	0.928496	-3.182311	0.000000	4.115006	2.489674	0.000000	1.496575	6.334700	2.748904	15.749415	2.973436	-6.025489	-7.373619	-2.719061	4.449140	-0.525224	-2.234178	8.962289	-0.987712	0.000000	7.838845
-0.490284	-0.103014	0.699458	-0.320267	0.103111	-0.179020	-0.924527	-0.708716	-1.056219	-0.837758	-1.094911	0.895768	0.523599	0.261799	0.937317	-0.241502	0.031767	1.104222	-0.861878	-0.193756	0.987477	-0.083517	0.642649	-0.292405	-0.809755	0.480492	1.570800	-1.525726	2.975547	-4.596785	0.380714	4.278705	4.183024	0.000000	0.681018	9.757254	4.696128	17.265099	4.353788	-3.120141	-6.790422	-4.161030	4.829346	-2.419341	-3.055680	8.295931	-3.842837	-2.482679	12.361717
-0.510604	-0.103614	0.688094	-0.383160	0.123539	-0.189477	-0.895559	-0.620540	-1.142022	-0.822529	-1.035251	0.983575	0.523599	0.261799	1.148318	-0.139458	0.321847	1.211247	-0.871967	-0.261797	0.902385	0.002142	0.569142	-0.354605	-0.691063	0.366287	1.471493	-1.264218	4.090968	-2.732172	0.847191	1.574227	3.828929	0.000000	-0.750284	8.625117	5.082845	12.399456	4.732785	0.438538	-1.701001	-4.286678	4.642567	-4.930883	-3.358901	3.891933	-5.688125	-9.656319	14.054348
-0.533615	-0.105954	0.682414	-0.439366	0.142255	-0.189986	-0.866387	-0.545077	-1.165506	-0.803870	-1.031942	1.048925	0.523599	0.231788	1.282322	-0.038188	0.527745	1.293534	-0.844336	-0.261796	0.816009	0.102185	0.445414	-0.426761	-0.654078	0.252967	1.184547	-0.963552	3.521308	-0.962436	1.593836	0.621477	2.027974	0.000000	-1.686525	1.989424	2.852994	5.433075	-1.310390	0.819640	-0.000039	-4.606628	4.983368	-5.895839	-3.540892	0.924833	-6.639138	-13.895394	13.361615
-0.558134	-0.107915	0.679105	-0.494343	0.160596	-0.188496	-0.833249	-0.479688	-1.180519	-0.758776	-1.010392	1.064694	0.523599	0.194338	1.227895	-0.025338	0.539170	1.158831	-0.839181	-0.261799	0.718120	0.201477	0.333308	-0.496241	-0.654070	0.100721	0.915677	-0.729753	1.987975	0.087330	0.607081	0.193831	0.674567	0.000000	-2.702534	-0.031075	0.578774	4.267234	-4.804957	2.055636	1.040822	-5.540943	5.748176	-4.917113	-3.335548	0.332974	-8.909367	-11.525520	9.384977
-0.586380	-0.108433	0.680241	-0.524173	0.178359	-0.191871	-0.810319	-0.465558	-1.162013	-0.779587	-1.024188	1.075908	0.523599	0.123686	1.281079	-0.015037	0.698434	1.101336	-0.762111	-0.220163	0.594372	0.332112	0.248729	-0.560183	-0.640759	-0.103408	0.723526	-0.588153	-0.322787	0.811434	-0.792836	-1.058695	0.259465	0.000000	-2.860836	4.062909	1.794699	9.568490	-1.399371	8.686571	4.810502	-5.495623	6.119419	-3.469041	-2.643283	1.027492	-8.798772	-7.842793	5.482525
-0.620425	-0.109461	0.687065	-0.541223	0.199533	-0.183671	-0.795945	-0.492599	-1.148062	-0.790489	-1.052740	1.075073	0.523599	0.079905	1.390411	0.046450	0.921910	1.102856	-0.491718	-0.069379	0.498295	0.446254	0.194546	-0.601972	-0.612970	-0.251230	0.601965	-0.510452	0.236814	-0.409779	-0.380722	-0.171930	0.584832	-0.804640	-3.091182	3.893638	2.239500	10.304987	-1.551113	9.360928	6.973341	-8.875037	7.592942	-4.539082	-3.176698	1.675172	-11.298159	-9.698202	4.873583
-0.647348	-0.106929	0.690657	-0.579084	0.217060	-0.190470	-0.762409	-0.456086	-1.178404	-0.794816	-1.031066	1.099301	0.491413	0.000039	1.436824	0.074543	1.110634	1.039291	-0.387673	0.058771	0.239370	0.635830	0.067166	-0.687251	-0.573752	-0.555335	0.335598	-0.393210	2.784111	-2.356207	1.554281	1.341146	2.304867	-4.841558	-2.674754	0.964725	3.876794	8.155952	-1.283026	6.790279	5.363443	-11.472813	8.174493	-6.323935	-3.791285	2.106380	-12.418153	-11.805320	4.586393
-0.674980	-0.105987	0.696506	-0.632141	0.238625	-0.174025	-0.716360	-0.381235	-1.242310	-0.728318	-0.999094	1.167267	0.329937	-0.027086	1.429000	0.201522	1.248148	1.051535	-0.220107	0.145159	0.039383	0.773233	-0.058411	-0.753624	-0.528715	-0.747956	0.129753	-0.326996	3.248622	-2.960441	3.648400	1.886690	2.673474	-6.796661	-0.480525	0.434119	3.232927	2.626830	1.929998	1.102588	0.963808	-11.549304	6.413375	-7.439773	-4.029599	2.853982	-9.302463	-11.322058	2.966322
-0.700008	-0.106290	0.701374	-0.674602	0.253914	-0.153751	-0.675870	-0.326141	-1.296822	-0.648880	-0.955598	1.206240	0.219547	-0.019182	1.454189	0.203860	1.215707	1.116491	-0.343570	0.097323	-0.222602	0.892365	-0.230425	-0.848435	-0.459593	-0.927433	-0.117284	-0.274557	2.526958	-1.897991	4.642443	2.089435	2.034640	-8.680297	0.371074	2.359805	2.184229	-0.147521	5.947370	-2.146338	-0.686293	-14.122358	3.610097	-9.796723	-5.115133	4.438449	-7.722898	-11.022795	1.929657
-0.720751	-0.108974	0.707965	-0.716795	0.259973	-0.130701	-0.633669	-0.280157	-1.318230	-0.542620	-0.915516	1.248653	-0.017275	-0.012243	1.523393	0.288891	1.242247	1.289430	-0.305961	0.117707	-0.525512	0.917637	-0.450280	-0.958229	-0.351177	-1.056872	-0.311159	-0.249810	2.438317	-0.313404	6.015485	1.968002	1.399472	-11.774151	0.629706	1.840636	3.748128	1.407152	7.729572	2.243990	0.316256	-16.814367	-2.762026	-12.357384	-5.123042	6.134933	-6.497979	-7.706273	0.630750
-0.742258	-0.112067	0.716440	-0.758033	0.263644	-0.099768	-0.588153	-0.228608	-1.309358	-0.408261	-0.876878	1.262219	-0.251419	0.006006	1.527814	0.353785	1.271993	1.425674	-0.253810	0.109973	-0.895177	0.781884	-0.724720	-1.053357	-0.214196	-1.187352	-0.425535	-0.249327	3.074316	1.460785	7.544581	3.050524	-1.024070	-9.174167	1.210440	-0.357074	4.114653	2.311656	7.155189	3.937223	0.865994	-19.012911	-9.569770	-15.012105	-3.231031	5.250282	-6.145432	-5.169788	0.115140
-0.762597	-0.114428	0.728928	-0.803848	0.257988	-0.065156	-0.532001	-0.157184	-1.259798	-0.240837	-0.793496	1.207690	-0.384242	0.036175	1.509110	0.453477	1.334713	1.575637	-0.148472	0.152347	-1.286028	0.534847	-1.050764	-1.087470	-0.141166	-1.302689	-0.517951	-0.245204	3.521718	4.753942	9.230850	6.056479	-4.521981	-6.704504	1.475981	-0.276053	4.998333	2.672318	7.178047	5.451097	2.493497	-16.450609	-12.095798	-14.330017	-0.179943	2.966524	-5.569881	-2.382676	0.484578
-0.783906	-0.114018	0.744101	-0.849802	0.248440	-0.026535	-0.464124	-0.087740	-1.119200	-0.039027	-0.634619	1.081340	-0.519599	0.065045	1.516772	0.553718	1.378886	1.712796	-0.035767	0.209713	-1.553201	0.298052	-1.297921	-1.060554	-0.095535	-1.410147	-0.520842	-0.229944	2.502052	8.575930	8.988506	9.475988	-6.564379	-3.755030	1.707276	0.944886	2.696200	1.365721	6.844938	-1.523510	-0.260646	-9.297997	-10.248713	-9.263319	1.546407	1.061372	-5.798545	2.259644	0.733161
-0.803940	-0.111964	0.761842	-0.887914	0.234148	0.013365	-0.395732	-0.057102	-0.916761	0.118703	-0.414456	0.945115	-0.534443	0.104466	1.546905	0.561325	1.389342	1.849435	-0.209412	0.141921	-1.657948	0.124898	-1.421297	-1.025614	-0.098711	-1.534631	-0.427565	-0.215878	0.720814	11.290115	5.707580	11.232299	-6.492251	0.832365	1.565281	2.831817	0.309546	1.004827	6.242454	-7.570793	-3.089890	-3.026190	-7.522405	-4.356155	1.393196	-2.134468	-7.010275	6.919189	0.280900
-0.821039	-0.108840	0.781550	-0.917280	0.216248	0.046197	-0.331211	-0.058907	-0.667596	0.189277	-0.185327	0.821650	-0.486305	0.127657	1.630045	0.566100	1.419079	1.962494	-0.338598	0.086118	-1.674249	-0.002844	-1.472167	-1.004827	-0.180913	-1.690558	-0.244074	-0.218708	-0.247176	14.402810	1.924449	12.643724	-6.591065	0.592239	0.906205	4.755640	0.841425	1.942459	5.160555	-5.087487	-2.018065	0.143191	-5.371915	-1.381624	1.025742	-5.075860	-7.791716	9.919110	-1.068382
-0.837354	-0.104879	0.802054	-0.941810	0.194349	0.078066	-0.262922	-0.066989	-0.340649	0.195681	0.091293	0.681472	-0.510753	0.140714	1.737131	0.594982	1.467040	2.055857	-0.412911	0.061198	-1.652220	-0.089979	-1.476562	-0.984584	-0.301745	-1.846300	-0.030801	-0.258613	-0.502668	11.879258	-0.992358	7.486770	-3.831412	-1.369666	-0.103912	5.230641	1.745926	2.212381	4.270613	-2.947193	-1.054457	0.913575	-2.782945	0.145280	0.715019	-3.453910	-4.946068	6.519853	-1.505838
-0.854466	-0.100681	0.822333	-0.958864	0.175128	0.108464	-0.195310	-0.079014	-0.192426	0.149582	0.114144	0.668393	-0.541091	0.123500	1.839271	0.635937	1.507574	2.133318	-0.456486	0.043939	-1.637706	-0.114162	-1.466356	-0.976226	-0.319070	-1.888401	0.016720	-0.278941	1.694771	5.897452	-0.524060	8.142814	-0.484070	3.729640	0.474504	5.359787	0.745872	-0.034183	1.601982	-9.209052	-5.962294	1.440731	-2.427837	2.239385	1.299179	-1.234291	-2.963561	1.837326	-2.277040
-0.868247	-0.100930	0.842460	-0.975531	0.143919	0.135908	-0.095689	0.000802	-0.104750	0.174719	0.417006	0.662110	-0.361568	0.159694	1.951522	0.624817	1.465673	2.119936	-0.781274	-0.177293	-1.594591	-0.187092	-1.386986	-0.932617	-0.351117	-1.964842	0.042692	-0.349695	4.043020	2.548463	1.953944	13.561476	-0.265180	16.166981	2.214795	4.325933	2.485642	-2.044127	0.556117	-9.731902	-7.643456	1.545343	-3.481326	3.766051	2.692895	-1.756530	-1.374671	-0.149119	-3.638140
-0.881747	-0.099711	0.861407	-0.980879	0.117622	0.155006	0.003910	0.082707	-0.090487	0.227740	0.656603	0.657786	0.105588	0.212092	2.012308	0.735363	1.425809	2.155563	-0.845762	-0.261799	-1.575892	-0.253415	-1.315714	-0.868510	-0.389331	-1.943388	0.010755	-0.424467	2.115907	-0.773770	2.529048	8.011788	1.649275	12.577354	1.621618	2.265048	4.423892	-0.325620	1.672077	-0.104199	-1.094357	1.082462	-1.832902	2.911601	2.505955	-0.775053	1.531771	-1.335708	-2.760647
-0.901906	-0.090665	0.880099	-0.975322	0.111407	0.174826	0.075972	0.085438	-0.135701	0.275880	0.737477	0.728081	0.141526	0.224559	2.042124	0.801773	1.452648	2.186820	-0.785442	-0.221068	-1.551293	-0.260408	-1.270522	-0.832379	-0.382119	-1.903571	-0.010736	-0.460121	1.268429	-3.895921	2.946371	3.358854	5.457436	-4.887318	0.814970	-0.331292	2.559875	0.039765	-0.439548	2.779245	3.329844	2.364403	0.106125	3.887787	4.556105	1.631781	4.937160	-2.757961	-4.392809
-0.923007	-0.080798	0.896771	-0.958778	0.098107	0.191846	0.185241	0.133444	-0.246324	0.345595	0.790957	0.876083	-0.089905	0.244691	1.999056	0.837758	1.427400	2.137981	-0.734592	-0.128605	-1.481316	-0.249170	-1.160203	-0.686266	-0.324060	-1.745902	-0.099563	-0.600179	2.284150	-6.414817	2.131301	-0.733764	3.937905	-11.168144	0.151348	-2.036756	0.899635	-2.097774	-2.585971	1.628049	1.761022	1.981989	1.314109	3.007403	6.149312	2.468605	7.184330	-3.992225	-5.835916
-0.938072	-0.074973	0.909595	-0.938086	0.084753	0.196274	0.272559	0.176804	-0.392294	0.361133	0.708126	0.885597	-0.305199	0.230613	1.960654	0.837758	1.368737	2.083381	-0.720320	-0.150627	-1.472013	-0.207844	-1.150226	-0.586407	-0.283375	-1.616198	-0.170425	-0.693557	2.629239	-9.307808	0.849309	-7.288352	-0.660884	-8.525533	-1.102757	-2.085051	-0.400504	-3.314292	-2.580869	0.410330	-1.392380	0.420403	2.542674	0.526989	4.282660	2.192407	5.927896	-2.432145	-4.098745
-0.955137	-0.070427	0.920680	-0.909687	0.067092	0.200504	0.357445	0.238614	-0.618636	0.379567	0.499423	0.849648	-0.430926	0.200581	1.915654	0.821738	1.294828	2.034746	-0.718179	-0.184300	-1.464500	-0.147463	-1.139123	-0.514959	-0.236364	-1.508786	-0.196849	-0.764129	1.785699	-10.086840	0.246038	-9.163379	-3.077816	-6.471875	-1.443958	-1.348719	-2.183188	-2.477324	-1.683217	-0.448371	-1.918576	0.357106	2.420075	1.192489	2.765115	1.732376	4.328704	-0.836150	-2.784392
-0.975892	-0.067084	0.928763	-0.886674	0.050034	0.212626	0.407550	0.248232	-0.795768	0.370974	0.341591	0.762484	-0.564074	0.172855	1.906705	0.750430	1.269644	2.016052	-0.738254	-0.227370	-1.457729	-0.111041	-1.102527	-0.475802	-0.214080	-1.443050	-0.203871	-0.804933	-1.678300	-10.239315	-2.319346	-11.468392	-8.045938	-4.557832	-0.914069	0.988936	-4.616478	-0.935477	-0.499290	1.198465	0.329386	0.645769	2.460329	3.140521	1.933663	0.785147	3.963277	0.045916	-1.896822
-0.992087	-0.061900	0.935419	-0.882415	0.053143	0.204168	0.420518	0.171482	-1.028209	0.286793	0.040687	0.527811	-0.613239	0.164018	1.955212	0.637079	1.257409	2.014775	-0.670240	-0.171125	-1.438669	-0.049050	-1.013502	-0.437613	-0.204958	-1.350255	-0.195013	-0.840002	-6.516769	-8.467031	-6.003679	-13.183306	-15.468949	-0.841826	-0.196384	3.909966	-9.722966	-1.089782	-0.856221	-0.110468	1.307807	0.308532	3.229144	4.487822	1.722928	-0.542291	4.947779	0.474985	-1.587299
-0.997753	-0.055100	0.937322	-0.898383	0.078071	0.177705	0.393998	-0.012439	-1.134449	0.130827	-0.185741	0.143726	-0.597747	0.164999	2.063104	0.361512	1.226053	1.981803	-0.742673	-0.175058	-1.445388	0.018125	-0.923014	-0.406885	-0.235772	-1.245139	-0.184872	-0.868425	-10.340491	-6.150815	-9.232561	-13.108542	-15.376913	1.471487	-0.068983	6.550592	-15.045582	-0.430292	-2.300411	-3.176503	0.602031	-0.766394	4.197334	5.675056	1.847099	-3.014162	6.927732	1.615496	-1.760505
-0.998467	-0.048212	0.934796	-0.917723	0.111261	0.149621	0.350741	-0.242138	-1.274241	-0.082509	-0.483654	-0.087266	-0.554380	0.161258	2.217235	0.035255	1.240197	1.922758	-0.797301	-0.147044	-1.469325	0.118843	-0.786500	-0.363729	-0.325524	-1.073145	-0.130393	-0.910422	-7.649097	-8.235762	-9.772471	-13.489202	-5.774805	-0.564787	-0.867376	5.667794	-11.805428	1.386809	-2.149850	-0.200729	2.010461	-0.794765	4.437943	5.273047	1.724440	-4.548876	7.515506	3.183994	-1.603194
-1.005516	-0.045773	0.928690	-0.912530	0.117749	0.146366	0.363320	-0.318403	-1.463879	-0.260072	-0.725309	-0.087266	-0.620339	0.130304	2.289815	-0.110705	1.281525	1.895809	-0.750702	-0.094639	-1.477178	0.195643	-0.712092	-0.337907	-0.417727	-0.944519	-0.057512	-0.932553	-4.336052	-10.191941	-9.374398	-17.233267	0.000000	-3.613879	-2.600986	3.960764	-7.691687	1.298046	-2.094808	3.436764	3.707694	0.045016	6.172338	3.700747	1.735574	-8.084197	10.286260	6.698893	-1.332618
-1.004210	-0.043314	0.921443	-0.904170	0.132969	0.130548	0.384387	-0.415580	-1.681919	-0.457485	-1.172985	-0.087266	-0.698935	0.057219	2.375666	-0.272412	1.292119	1.838966	-0.659830	0.001264	-1.467524	0.365737	-0.638470	-0.294306	-0.648892	-0.661695	0.137563	-0.963727	-2.190945	-8.158072	-7.604416	-11.730330	0.006100	-4.086888	-1.306653	1.058668	-4.826500	-0.417480	-1.996380	4.444118	3.476697	0.760460	7.208647	2.418587	1.706059	-10.324843	12.171041	9.510326	-0.742313
-1.012518	-0.043200	0.912873	-0.874475	0.128100	0.141876	0.445821	-0.406040	-1.790202	-0.564249	-1.194522	-0.087022	-0.783814	0.078038	2.332162	-0.303765	1.264826	1.815954	-0.572938	0.044429	-1.446760	0.483989	-0.615349	-0.269665	-0.830720	-0.457677	0.322901	-0.962245	-0.254676	-4.156446	-6.319822	0.642970	0.000000	-0.440590	1.022742	-1.186699	-1.943824	-0.332278	-1.379615	4.751339	1.663206	0.733757	3.896395	0.688180	0.784599	-5.128497	6.079629	5.787314	0.012974
-1.020262	-0.042921	0.902165	-0.848499	0.125012	0.150062	0.491837	-0.425767	-1.848177	-0.710278	-1.147266	-0.087266	-0.716559	0.098129	2.328198	-0.350165	1.278828	1.783781	-0.469776	0.067792	-1.438174	0.521593	-0.610943	-0.262922	-0.854032	-0.418510	0.369056	-0.963208	-1.350863	-2.214107	-6.776826	3.559881	-0.006100	3.054392	1.428830	-0.207752	-2.494237	0.079903	-2.259028	5.759881	1.478780	0.615504	2.310140	0.071153	0.395762	-1.077755	2.084598	2.623492	-0.140007
-1.023513	-0.042344	0.889730	-0.812903	0.126278	0.156143	0.546683	-0.460075	-1.878766	-0.835322	-1.052127	-0.087266	-0.661639	0.135191	2.323852	-0.403535	1.268022	1.725593	-0.342542	0.103580	-1.422140	0.576394	-0.612502	-0.253834	-0.873830	-0.374293	0.427841	-0.967846	-0.706552	-0.688919	-3.186925	4.347932	0.000000	2.521478	1.677084	-0.891089	-1.875222	-0.160387	-3.293911	6.209913	1.715880	1.133990	3.161475	-0.250570	0.543807	-0.980856	2.331109	3.289430	-0.328721
-1.034318	-0.036723	0.877340	-0.753931	0.120276	0.187587	0.618008	-0.454029	-1.875734	-0.837755	-0.973349	-0.087266	-0.615699	0.165212	2.292554	-0.425174	1.272412	1.652025	-0.221380	0.136427	-1.392814	0.648052	-0.620966	-0.241170	-0.893266	-0.325265	0.500633	-0.976357	1.036110	0.513852	-0.060908	2.777165	0.000000	2.610551	0.901990	-1.854867	-0.463633	0.587136	-3.637972	5.972323	1.631515	1.822025	3.766847	-0.581108	0.717803	-0.997630	2.524308	3.800225	-0.492854
-1.042880	-0.031233	0.863024	-0.687462	0.109980	0.219293	0.683528	-0.418631	-1.858212	-0.837758	-0.941040	-0.087266	-0.557217	0.171271	2.249657	-0.422080	1.291508	1.580074	-0.103649	0.168841	-1.349259	0.727068	-0.635747	-0.225122	-0.913736	-0.273321	0.579850	-0.987560	1.809582	1.431048	-0.000079	1.195197	-0.000025	3.256433	-0.086620	-1.848549	0.259735	0.432649	-2.885127	4.643960	1.475397	2.637449	4.072314	-0.999922	0.905402	-1.109436	2.702883	4.064920	-0.634167
-1.045190	-0.027076	0.849605	-0.614538	0.100443	0.242299	0.744006	-0.381646	-1.818492	-0.837758	-0.925541	-0.087267	-0.485442	0.161747	2.218612	-0.414784	1.289718	1.536620	-0.035622	0.195443	-1.287316	0.810944	-0.660962	-0.204954	-0.937644	-0.217150	0.663230	-1.001724	1.361129	2.462032	0.000000	0.488424	0.000000	3.689106	-0.749529	-1.324999	0.329828	-0.564790	-1.860151	2.466341	1.199975	3.474700	4.238260	-1.504543	1.086300	-1.356818	2.895193	4.150222	-0.773805
-1.044941	-0.027979	0.836798	-0.540690	0.090620	0.254040	0.796810	-0.364185	-1.759731	-0.837758	-0.921503	-0.087266	-0.409652	0.141290	2.196657	-0.408887	1.268916	1.505668	-0.004996	0.216840	-1.210271	0.896598	-0.695929	-0.181670	-0.968008	-0.157513	0.745859	-1.018512	0.233091	3.712887	0.000000	0.269091	0.000000	3.561769	-1.092039	-4.532921	-0.235165	-4.344943	-2.702525	2.814998	1.658892	10.284111	12.091703	-4.932192	3.797615	-6.079632	10.186316	11.596706	-2.620888
-1.039662	-0.039979	0.827760	-0.467647	0.081740	0.242538	0.846050	-0.372322	-1.669976	-0.837758	-0.914777	-0.087267	-0.342971	0.118066	2.037296	-0.424191	1.115921	1.428519	0.076978	0.261799	-0.875952	1.294613	-0.858250	-0.053049	-1.180829	0.190302	1.127098	-1.106559	-0.445248	4.878616	0.000000	0.559634	0.000000	3.021947	-1.159648	-4.414487	-0.803096	-4.300594	-2.857202	2.082495	1.123986	9.458282	11.390595	-4.865900	3.802685	-6.432333	10.026608	10.803242	-2.543050
-1.043412	-0.051255	0.815992	-0.409305	0.068798	0.241270	0.877226	-0.381995	-1.564586	-0.837758	-0.899118	-0.087266	-0.288775	0.094904	2.020078	-0.441011	1.096892	1.391380	0.078304	0.261799	-0.831939	1.352222	-0.890565	-0.029563	-1.225302	0.243551	1.177989	-1.120234	-2.322045	6.097856	0.000000	0.393409	0.000000	6.372885	-0.761217	-1.549315	-4.193824	-3.174417	-4.065871	-0.680310	0.000000	3.249270	8.397311	-5.364621	3.507678	-6.846604	6.978337	4.823005	-1.796949
-1.041736	-0.062815	0.804902	-0.364066	0.077275	0.229269	0.899400	-0.465204	-1.426062	-0.837758	-0.899041	-0.087267	-0.088056	0.087617	1.975323	-0.591944	0.988944	1.265884	0.049766	0.261799	-0.745981	1.630505	-1.072835	0.087258	-1.454693	0.469436	1.320018	-1.178437	-2.946681	6.170869	0.000000	0.014785	0.000000	5.952535	-0.650626	-1.024145	-4.668635	-3.139493	-3.601462	-1.299857	0.000000	1.822820	8.059443	-5.570950	2.920571	-6.574094	6.190814	3.701818	-1.592699
-1.055725	-0.079027	0.790991	-0.328029	0.061449	0.222320	0.916076	-0.499862	-1.317752	-0.837758	-0.898527	-0.087266	-0.050673	0.068879	1.979112	-0.627756	0.971313	1.247321	0.026310	0.261799	-0.759027	1.674600	-1.113402	0.087260	-1.488266	0.491184	1.326061	-1.183942	-2.012794	5.210438	0.000000	-0.472932	0.854316	2.808797	-0.604555	0.019199	-2.066201	-0.697173	-0.983286	-1.722407	0.000000	-0.862744	1.893276	-2.299601	0.000050	-1.759058	0.744241	0.015685	-0.217557
-1.068847	-0.089867	0.773430	-0.292163	0.057807	0.223614	0.928061	-0.545716	-1.217644	-0.837758	-0.917958	-0.053094	0.024296	0.063435	1.976091	-0.674592	0.961057	1.226553	-0.019130	0.261799	-0.780491	1.706236	-1.164819	0.087260	-1.525055	0.499206	1.320645	-1.187139	-2.027403	4.699242	0.000000	-1.176265	2.688010	4.430930	-0.019224	-0.320184	-2.370665	-0.504401	0.241965	-2.693182	0.000000	-1.224205	1.245308	-2.826825	0.000000	-1.785868	0.010705	-0.461003	-0.070930
-1.080709	-0.096059	0.753685	-0.251655	0.063410	0.229600	0.938048	-0.580959	-1.129782	-0.837758	-0.945577	0.020254	0.126564	0.068110	1.966305	-0.722583	0.951137	1.257000	-0.081418	0.261799	-0.807995	1.724412	-1.226475	0.087260	-1.559700	0.491612	1.307621	-1.186779	-1.798610	3.972453	0.000000	-1.368818	3.741301	6.045404	0.549250	-0.749916	-0.939751	-0.065732	1.756361	-3.389072	0.000000	-1.471937	0.679541	-3.194663	0.000000	-1.576874	-0.695089	-0.789848	0.116101
-1.092086	-0.103850	0.734163	-0.204467	0.069976	0.226028	0.949847	-0.617660	-1.058746	-0.837758	-0.972711	0.096558	0.266112	0.085405	1.946094	-0.712182	0.958428	1.296807	-0.154693	0.261799	-0.839368	1.733418	-1.292606	0.087260	-1.588130	0.471402	1.289052	-1.182495	-1.789160	3.618349	0.000000	-1.496348	3.902115	6.803699	1.059803	-0.912169	1.211271	0.184736	3.020102	-3.392685	0.000000	-1.739807	0.208569	-3.214714	0.000000	-1.254195	-1.233879	-0.954053	0.300902
-1.106577	-0.113697	0.718661	-0.150368	0.070110	0.223811	0.960408	-0.652525	-0.985048	-0.837758	-1.005431	0.176339	0.398712	0.110502	1.929818	-0.674132	0.958526	1.377804	-0.217125	0.261799	-0.877587	1.732755	-1.355064	0.087260	-1.609868	0.442257	1.269459	-1.174743	-1.524112	3.499413	0.051180	-1.710719	3.601829	5.973499	1.418763	-0.652444	2.666217	-0.202626	4.574391	-3.698615	0.000000	-2.087596	-0.320771	-2.935991	0.000000	-0.839794	-1.631749	-0.966117	0.469545
-1.123881	-0.121311	0.705662	-0.093529	0.060359	0.221025	0.968895	-0.678625	-0.918770	-0.835711	-1.041140	0.240631	0.505052	0.142155	1.919997	-0.605533	0.950323	1.479783	-0.302638	0.261799	-0.922872	1.720587	-1.410045	0.087260	-1.621722	0.406132	1.250407	-1.163713	-0.288706	3.917341	0.593273	-1.388258	3.380325	3.121720	1.462665	-1.238018	3.242271	0.454772	4.997510	-4.709970	0.000000	-2.234264	-0.794151	-2.548859	-0.018635	-0.211257	-1.847912	-0.889650	0.608423
-1.141371	-0.123005	0.690585	-0.021502	0.060283	0.227449	0.971685	-0.664073	-0.828354	-0.814027	-1.060961	0.311552	0.523581	0.169009	1.880297	-0.544441	0.976717	1.577704	-0.405524	0.261799	-0.966958	1.700989	-1.457018	0.086515	-1.618318	0.368340	1.233873	-1.150406	0.861467	3.011891	0.934647	0.335151	3.254966	0.463675	1.290472	-2.029392	3.471595	0.689553	4.860175	-5.414470	-0.004295	-2.090636	-0.888452	-2.215308	-0.107534	0.577644	-1.908386	-0.832388	0.727397
-1.159270	-0.126237	0.676188	0.048223	0.049191	0.227398	0.971363	-0.644166	-0.798294	-0.798325	-1.027734	0.370829	0.523599	0.193774	1.838821	-0.466670	0.977905	1.674190	-0.519217	0.261627	-1.006498	1.685049	-1.498657	0.082959	-1.598616	0.329797	1.217111	-1.134618	1.401223	1.995376	0.815733	2.317458	2.859156	0.000456	1.066912	-2.890882	3.509490	0.419061	4.218334	-5.695674	-0.070780	-1.732534	-0.682577	-1.991540	-0.225478	1.352286	-1.867708	-0.803182	0.824583
-1.176422	-0.127807	0.660770	0.126063	0.045657	0.232191	0.963385	-0.608024	-0.748539	-0.781398	-0.968263	0.425918	0.523599	0.211685	1.764662	-0.404062	0.993479	1.746438	-0.633351	0.258968	-1.036259	1.673686	-1.536680	0.077495	-1.564227	0.293632	1.201746	-1.117423	5.851559	-1.587768	3.254411	6.598331	2.513786	0.000000	0.769471	-8.435127	9.693620	-1.096614	4.145813	-6.980083	-1.038087	-3.006247	-0.231862	-1.803562	-0.892520	5.559254	-3.852530	-2.602392	2.444148
-1.196580	-0.130835	0.649750	0.280404	0.001626	0.232262	0.931357	-0.410104	-0.861805	-0.668149	-0.763800	0.471381	0.523599	0.224553	1.501416	-0.078925	0.934040	1.840022	-0.798420	0.220104	-1.126747	1.675774	-1.570800	0.047258	-1.376246	0.175695	1.113016	-1.036852	6.021690	0.601614	7.708426	-5.678806	3.072032	-24.047581	-9.883516	-6.589615	11.769411	-0.327839	4.218936	-3.427388	-1.334830	-3.509969	1.356858	-0.852999	-1.466986	8.857957	-5.155845	-3.335041	4.024283
-1.218146	-0.138812	0.641479	0.350336	-0.018479	0.224880	0.909040	-0.367157	-0.724475	-0.473061	-1.195415	0.548800	-0.438304	-0.183656	1.501077	0.066715	0.980366	1.915195	-0.770446	0.205575	-1.176658	1.727960	-1.570800	0.018816	-1.209909	0.087398	1.068344	-0.956451	1.392975	-0.363226	-2.904230	-9.771798	8.265144	-4.618597	-6.373275	1.533514	5.828720	1.834106	3.571302	1.612735	-1.010960	-1.973510	2.802369	0.000000	-1.127887	7.353478	-3.612556	-2.379820	3.610343
-1.232992	-0.141055	0.637569	0.398168	-0.030693	0.223385	0.889168	-0.354385	-0.876334	-0.784318	-1.154672	0.801987	0.338855	-0.030378	1.562756	0.154224	1.007405	1.982874	-0.733910	0.179665	-1.205688	1.787869	-1.570800	0.002142	-1.082107	0.031193	1.017823	-0.892438	0.032924	-4.959632	-9.117433	1.326472	8.727558	24.047581	5.848360	2.879801	2.789332	0.606096	2.986228	1.190813	-0.913765	-0.924540	2.029440	0.000000	-0.559156	4.466414	-2.057117	-1.764576	2.223475
-1.249267	-0.144587	0.633075	0.427558	-0.036141	0.213528	0.877664	-0.365840	-0.922860	-0.837758	-1.142356	0.897902	0.523599	0.050279	1.616269	0.178288	1.004610	2.034644	-0.722814	0.169024	-1.213639	1.809138	-1.570800	-0.003550	-1.031252	0.005114	0.997761	-0.867512	1.619021	-4.099417	0.656366	2.453721	5.252941	4.618597	6.610200	2.548739	3.931665	-0.876869	3.438380	3.412682	-1.481933	0.979018	1.373959	0.000000	-0.947382	6.720707	-2.752824	-3.731163	3.063846
-1.269278	-0.148022	0.626890	0.496974	-0.055219	0.193293	0.844160	-0.289624	-1.040311	-0.758063	-1.056524	1.012104	0.523599	0.234030	1.664706	0.311491	0.972330	2.120409	-0.597403	0.120388	-1.166527	1.842827	-1.570800	-0.035753	-0.813279	-0.078920	0.868576	-0.769884	2.946968	-3.908973	5.185551	3.530934	2.576630	0.000000	5.288005	2.037740	4.116545	-1.471315	2.669591	4.450670	-1.669675	2.782932	0.454932	0.000000	-1.305295	7.446401	-2.771117	-4.260151	3.328061
-1.288562	-0.151368	0.626489	0.535673	-0.065419	0.174404	0.823625	-0.247961	-1.079219	-0.630336	-1.001119	1.000967	0.523599	0.261799	1.697779	0.342950	0.945757	2.141428	-0.544787	0.102237	-1.102322	1.827335	-1.570800	-0.055762	-0.733396	-0.105731	0.827355	-0.734390	0.047041	0.875425	-1.992373	-0.711757	3.554690	0.000000	-2.622259	3.613076	-0.876316	0.873561	0.436974	2.916470	-0.906125	7.527025	-4.777730	0.000000	-2.559536	7.165936	-3.995214	-4.966904	3.525609
-1.297603	-0.155750	0.635290	0.517425	-0.051405	0.181742	0.834625	-0.287742	-1.005294	-0.837758	-1.084994	1.154292	0.523599	0.129140	1.809229	0.276438	1.007272	2.137888	-0.480744	0.084143	-0.865446	1.651718	-1.570800	-0.138134	-0.526641	-0.238728	0.669900	-0.628860	-1.190891	1.928312	-5.185551	-2.174324	3.790420	0.000000	-4.315430	3.023940	-2.165339	1.710273	-1.058382	2.858069	-0.150701	8.059322	-7.341191	0.000000	-3.626008	9.079228	-4.923133	-7.494390	4.680779
-1.311175	-0.157591	0.640582	0.521139	-0.054240	0.174259	0.833731	-0.295597	-1.002087	-0.837758	-1.088092	1.152584	0.523599	0.089182	1.818737	0.256336	1.014168	2.099093	-0.430464	0.096209	-0.779949	1.533687	-1.570800	-0.200802	-0.370227	-0.302656	0.527579	-0.547159	-0.323830	0.518161	0.572903	-0.192472	-0.454259	0.000000	-1.581024	-0.813416	-1.660597	-0.499062	-2.401268	0.010802	-0.170464	2.354468	-5.375448	0.044784	-3.345217	8.534845	-2.084378	-8.205752	4.342881
-1.323605	-0.158817	0.647462	0.532192	-0.057980	0.168669	0.827624	-0.300695	-0.984567	-0.814842	-1.092693	1.136122	0.523599	0.065899	1.776692	0.210014	0.987310	2.041838	-0.480312	0.077324	-0.771267	1.436700	-1.569009	-0.271943	-0.185247	-0.322103	0.341670	-0.455145	-0.280285	0.970563	1.078361	0.215530	-0.663513	0.000000	-1.081246	-1.739404	-1.420751	-0.499338	-3.025690	0.161253	0.003298	-0.331289	-4.293108	0.538814	-2.868990	7.475190	-0.829292	-7.569191	3.534748
-1.333853	-0.160028	0.656565	0.547900	-0.057298	0.164627	0.818181	-0.306808	-0.963264	-0.794624	-1.079471	1.126043	0.523599	0.045932	1.749161	0.199506	0.994194	1.978065	-0.424014	0.096341	-0.793201	1.361963	-1.549247	-0.315562	-0.071219	-0.335828	0.224812	-0.405769	0.283556	1.218879	1.385747	1.054892	-0.825062	0.000000	-1.055868	-2.791858	-1.928478	-0.623119	-3.862643	-1.124343	-0.861461	-0.385493	-4.567930	0.807765	-2.462600	6.602886	-0.519089	-6.175578	2.452438
-1.341523	-0.162058	0.666868	0.569424	-0.051790	0.161670	0.804324	-0.289353	-0.935812	-0.759412	-1.050497	1.103119	0.523599	0.023664	1.665018	0.132875	0.962385	1.887332	-0.525286	0.042866	-0.786687	1.253983	-1.536698	-0.370447	0.078868	-0.342867	0.094647	-0.357047	0.498851	1.352248	1.810446	1.305977	-1.526061	0.000000	-0.888702	-3.928041	-3.573811	-2.054708	-4.984251	-4.506352	-3.350649	0.110970	-5.265504	1.057371	-2.467610	6.395067	-0.123340	-6.464987	1.916286
-1.349262	-0.163794	0.677035	0.588577	-0.048062	0.158155	0.791362	-0.286854	-0.909174	-0.722206	-1.027232	1.065001	0.523599	0.010384	1.592039	0.056554	0.912006	1.778695	-0.604268	-0.037685	-0.788762	1.151343	-1.506953	-0.414266	0.184583	-0.340762	-0.033788	-0.329117	-0.321843	1.539880	1.752329	1.053113	-1.983923	0.000000	-0.823667	-2.162889	-2.450818	-1.000802	-4.514438	-0.800826	-1.816473	-0.195184	-4.396873	1.283187	-1.820896	4.298525	0.286314	-5.202596	1.055803
-1.355083	-0.164839	0.687006	0.606266	-0.042619	0.156728	0.778500	-0.302227	-0.874217	-0.689319	-1.008373	1.023762	0.523599	-0.009283	1.578502	0.034842	0.922353	1.706754	-0.557319	-0.029793	-0.794494	1.078108	-1.485371	-0.443283	0.250809	-0.331414	-0.113457	-0.314815	-0.276241	1.538925	2.006650	1.127908	-2.259076	-0.008675	-0.825025	-1.951867	-1.727371	-0.825442	-4.542297	0.546370	-0.478404	-0.156786	-4.302547	1.058513	-1.722171	3.897140	0.279736	-3.950274	0.555187
-1.362283	-0.165633	0.697108	0.629137	-0.040976	0.154132	0.760757	-0.297904	-0.847617	-0.641940	-0.982115	0.974638	0.523252	-0.022617	1.513964	-0.012541	0.878988	1.597003	-0.582413	-0.056821	-0.795033	0.979241	-1.464612	-0.483153	0.340469	-0.329572	-0.191799	-0.306910	-0.226349	1.476501	2.272777	1.132856	-2.168705	-0.782272	-0.838527	-2.615803	-2.208311	-1.897505	-4.882157	-0.227730	-0.648188	0.068250	-4.414269	0.855348	-1.785636	3.907058	-0.023136	-3.179349	0.123889
-1.368851	-0.166687	0.706747	0.647835	-0.037612	0.149828	0.745954	-0.311281	-0.815157	-0.598408	-0.963058	0.937014	0.492308	-0.042824	1.473870	-0.053490	0.846453	1.511468	-0.566428	-0.055720	-0.791764	0.901537	-1.451157	-0.514708	0.407091	-0.332340	-0.240631	-0.309859	-0.089860	1.349478	2.419968	1.171535	-1.464322	-2.965450	-0.882021	-2.672979	-1.953677	-2.350460	-4.625755	0.432085	-0.230144	0.189656	-3.935900	0.587326	-1.535422	3.097550	-0.144095	-2.333958	-0.332051
-1.375529	-0.166844	0.715793	0.671801	-0.037855	0.144975	0.725419	-0.301498	-0.793638	-0.545141	-0.935254	0.916065	0.404634	-0.057898	1.407045	-0.090688	0.784970	1.411973	-0.565130	-0.066027	-0.787447	0.821805	-1.441119	-0.544570	0.464371	-0.335336	-0.285157	-0.320192	0.609630	0.969528	2.739670	1.451959	-0.791414	-4.901418	-0.730461	-3.255677	-1.424095	-2.972457	-4.495192	0.659263	-0.109650	0.152484	-3.731728	0.216913	-1.356661	2.581003	-0.015523	-1.960736	-0.648496
-1.382588	-0.166934	0.723946	0.695314	-0.040041	0.138107	0.704174	-0.286895	-0.776376	-0.488821	-0.904980	0.905357	0.296251	-0.072042	1.343643	-0.110454	0.727554	1.331661	-0.540058	-0.060106	-0.785665	0.752268	-1.442480	-0.568975	0.510331	-0.332961	-0.319060	-0.335799	0.864694	0.957659	2.941841	2.155629	-1.491408	-2.826700	0.109643	-2.933711	-0.792962	-2.323255	-3.793550	1.464051	0.500408	0.064014	-3.719734	-0.329876	-1.135768	2.249479	-0.102645	-1.684720	-0.888499
-1.387919	-0.167727	0.730916	0.719598	-0.039614	0.131861	0.680605	-0.266910	-0.755332	-0.427467	-0.849029	0.856409	0.291566	-0.053512	1.289697	-0.122406	0.692040	1.260231	-0.506568	-0.046011	-0.784886	0.673016	-1.454314	-0.590001	0.554350	-0.339442	-0.352546	-0.355732	0.835755	1.309811	2.934291	2.684760	-1.693331	-3.033380	0.394605	-2.484846	-0.593292	-1.383901	-3.574413	1.551692	0.620910	-0.087821	-3.855294	-0.770745	-0.828028	2.037312	-0.369957	-1.490551	-1.065055
-1.392628	-0.169145	0.736976	0.741742	-0.037542	0.126640	0.657550	-0.253465	-0.723983	-0.371449	-0.797590	0.837624	0.174916	-0.056258	1.244249	-0.134186	0.672198	1.188684	-0.477990	-0.035270	-0.789178	0.598056	-1.473310	-0.602096	0.591824	-0.347759	-0.378682	-0.378401	0.687250	1.443213	2.515592	2.440833	-1.060040	-4.634369	-0.061659	-2.368948	-0.379182	-0.958227	-3.177360	1.153587	0.307245	-0.366785	-3.439183	-0.840235	-0.349562	1.530971	-0.404540	-1.282904	-1.113755
-1.397865	-0.169560	0.741370	0.761228	-0.037861	0.122341	0.635714	-0.239420	-0.697603	-0.326844	-0.751396	0.814007	0.106191	-0.055979	1.194939	-0.137574	0.653711	1.133137	-0.460424	-0.033721	-0.799558	0.535448	-1.487923	-0.603983	0.615589	-0.355623	-0.403862	-0.400282	0.808907	1.667306	2.466857	2.940464	-1.942578	-1.979581	0.416826	-2.747685	0.062367	-0.583185	-3.275874	1.536050	0.579126	-0.456327	-3.762036	-0.821504	0.127971	1.278351	-0.729548	-1.594042	-1.217266
-1.402622	-0.169968	0.746341	0.784063	-0.037252	0.116543	0.608503	-0.221109	-0.657291	-0.272775	-0.679971	0.759921	0.095733	-0.039585	1.134342	-0.131691	0.648871	1.057649	-0.416548	-0.012105	-0.807431	0.447575	-1.506170	-0.596977	0.642958	-0.376941	-0.442444	-0.427092	0.793896	2.340065	2.919984	3.773999	-1.936024	-4.082803	0.295960	-4.565683	-0.209760	-1.584144	-4.690784	0.674158	-0.182421	-0.376889	-3.930253	-1.280004	0.623690	1.214535	-0.674318	-1.791868	-1.484160
-1.407227	-0.171000	0.749845	0.803341	-0.036653	0.109320	0.584251	-0.207664	-0.604001	-0.210044	-0.600436	0.736566	-0.057121	-0.044140	1.012311	-0.145964	0.590345	0.945505	-0.433458	-0.041018	-0.814633	0.378238	-1.539124	-0.579036	0.664170	-0.382596	-0.475537	-0.459649	0.457930	2.030659	2.379436	3.133020	-1.328847	-4.039301	0.134859	-4.332425	-0.314337	-1.868476	-4.685247	0.664182	-0.202921	-0.241798	-3.444204	-1.072308	0.768319	0.756118	-0.272240	-1.808188	-1.272756
-1.412220	-0.170853	0.752757	0.816853	-0.038748	0.103555	0.566151	-0.202792	-0.576065	-0.177598	-0.554650	0.706767	-0.065839	-0.034191	0.961045	-0.144264	0.574132	0.870239	-0.389981	-0.020222	-0.817103	0.309807	-1.549062	-0.566244	0.673203	-0.387831	-0.514772	-0.478002	0.661309	1.857355	1.919036	2.974748	-1.582062	-1.730773	0.366910	-2.664091	0.344816	-0.668009	-3.368235	2.047198	1.093441	-0.077236	-3.812951	-0.791910	0.774230	0.601584	-0.057745	-2.474691	-1.116748
-1.416592	-0.171276	0.755005	0.831984	-0.040519	0.097090	0.544734	-0.181212	-0.529706	-0.133283	-0.481446	0.673284	-0.126352	-0.029464	0.905748	-0.132172	0.563625	0.810776	-0.351570	0.002720	-0.817723	0.225720	-1.570800	-0.548066	0.688234	-0.384906	-0.574524	-0.504318	1.029205	2.310087	2.157456	3.610700	-1.529559	-3.219471	0.154776	-2.128345	0.890999	-0.176074	-2.602336	2.331902	1.571018	0.112708	-3.732276	-0.543439	0.638378	0.632669	0.343958	-2.697290	-1.258717
-1.420910	-0.171521	0.756456	0.845742	-0.043818	0.090526	0.524029	-0.161624	-0.483661	-0.091299	-0.410222	0.645585	-0.194618	-0.028000	0.875911	-0.108624	0.567089	0.766146	-0.296705	0.042619	-0.812595	0.160516	-1.570800	-0.540709	0.698509	-0.374072	-0.622663	-0.528351	1.016976	2.350233	1.907522	3.351741	-1.372615	-3.026204	0.040795	-1.488543	1.312188	0.380234	-2.204771	2.886981	2.344927	0.155020	-3.483229	0.000000	0.384335	0.575857	0.595548	-2.347168	-1.160513
-1.425222	-0.171480	0.757702	0.857580	-0.047493	0.083310	0.505332	-0.140533	-0.435697	-0.056982	-0.347376	0.618379	-0.247400	-0.027832	0.846206	-0.079684	0.578834	0.722585	-0.236091	0.096517	-0.811522	0.086391	-1.570800	-0.532693	0.711268	-0.361084	-0.668411	-0.550739	0.874944	2.026962	1.329728	2.763931	-1.238309	-1.450857	0.144810	-2.131085	1.030735	-0.198612	-2.205165	1.517338	1.853426	0.000130	-3.460239	0.000000	0.341208	0.428224	0.902402	-2.287263	-1.138224
-1.428073	-0.171971	0.758411	0.866546	-0.048673	0.077961	0.490562	-0.126626	-0.402583	-0.038110	-0.299665	0.596052	-0.252652	-0.022207	0.790668	-0.067395	0.559145	0.677939	-0.236011	0.116756	-0.812589	0.022106	-1.570800	-0.527061	0.715638	-0.337976	-0.714154	-0.573880	0.602355	1.795695	0.867538	2.238090	-1.079258	-0.324838	0.218950	-2.928303	0.535198	-1.062457	-2.255872	0.026949	1.289906	-0.093034	-3.761162	0.000000	0.159904	0.424509	1.138648	-2.283365	-1.189747
-1.430881	-0.172443	0.758907	0.873185	-0.049328	0.071389	0.479603	-0.116439	-0.363869	-0.022280	-0.257852	0.575209	-0.260394	-0.019074	0.729074	-0.058276	0.536336	0.632350	-0.235013	0.148113	-0.815243	-0.064055	-1.570800	-0.526297	0.728248	-0.315538	-0.759746	-0.598329	-0.025640	1.939105	0.809992	1.835489	-0.929308	-1.346466	0.058384	-2.928779	0.445396	-1.226489	-1.723123	-0.547898	1.134384	-0.204471	-3.749906	0.000000	-0.028010	0.360724	1.178398	-1.984288	-1.129419
-1.432925	-0.173111	0.758390	0.875663	-0.050366	0.066150	0.475711	-0.127651	-0.325019	-0.005711	-0.226245	0.558880	-0.306511	-0.019872	0.673517	-0.049579	0.510085	0.609014	-0.257927	0.162131	-0.820768	-0.127890	-1.570800	-0.528181	0.730067	-0.290840	-0.793525	-0.619057	-0.482556	1.466705	0.614602	1.194780	-0.583972	-1.411840	-0.028004	-2.608845	0.266397	-1.572087	-0.988209	-1.292750	0.039454	-0.327331	-2.774536	0.000000	-0.151965	0.088868	1.027873	-1.370876	-0.862129
-1.433754	-0.174119	0.757940	0.877949	-0.049890	0.062152	0.472073	-0.135741	-0.305201	0.002304	-0.210061	0.551850	-0.316867	-0.020194	0.624720	-0.047620	0.473452	0.592822	-0.286723	0.149691	-0.828337	-0.175037	-1.570800	-0.532375	0.731803	-0.274423	-0.814581	-0.632814	-0.683364	0.904563	0.246163	0.438235	-0.274578	-0.427606	0.080196	-2.173816	-0.010544	-1.347650	-0.877930	-0.969350	-0.467357	-0.608370	-3.088875	0.000000	-0.462095	0.209865	1.116731	-1.109321	-0.763060
-1.434607	-0.175623	0.757779	0.877552	-0.048230	0.058352	0.473468	-0.154986	-0.288836	0.004136	-0.208716	0.547897	-0.323615	-0.016664	0.586564	-0.050001	0.456179	0.573897	-0.296701	0.143437	-0.845103	-0.251445	-1.570800	-0.546665	0.738462	-0.246171	-0.837898	-0.649579	-0.715970	0.884883	0.161331	0.268243	-0.167036	-0.610736	0.072215	-1.605989	-0.296535	-1.341517	-1.026574	-0.163085	-0.532091	-0.837547	-3.713815	0.000000	-0.817651	0.164181	1.570208	-0.944486	-0.749320
-1.436237	-0.176367	0.757140	0.879257	-0.048252	0.053864	0.470827	-0.164380	-0.269806	0.008757	-0.199331	0.545168	-0.341297	-0.017306	0.560481	-0.059482	0.419792	0.551759	-0.293246	0.128408	-0.861838	-0.323590	-1.570800	-0.565081	0.738370	-0.211615	-0.852360	-0.662787	-0.454547	0.883952	0.229835	0.400895	-0.283903	-0.772031	0.024435	-1.071519	-0.648527	-2.170671	-1.160087	0.797810	-0.941000	-0.875244	-3.470815	0.000000	-1.040077	-0.064749	1.816801	-0.654274	-0.647719
-1.438053	-0.176283	0.757018	0.879348	-0.049536	0.050620	0.470884	-0.173168	-0.253478	0.013329	-0.192680	0.536541	-0.354496	-0.015687	0.543703	-0.075942	0.369352	0.527494	-0.264789	0.105797	-0.880113	-0.390278	-1.570800	-0.588268	0.735872	-0.173499	-0.864069	-0.675488	-0.363269	0.831805	0.452807	0.289880	-0.361280	-0.918303	0.023994	-0.493696	-0.334484	-1.291156	-0.698130	1.608810	-0.125378	-0.595823	-2.565214	0.000000	-0.988966	-0.136209	1.788843	-0.314687	-0.365254
-1.438934	-0.176549	0.757593	0.877041	-0.051664	0.046127	0.475397	-0.178911	-0.236533	0.026869	-0.187736	0.530717	-0.378029	-0.016346	0.540733	-0.072861	0.368145	0.523834	-0.228894	0.123393	-0.885671	-0.426198	-1.570800	-0.604640	0.732922	-0.140061	-0.864948	-0.677397	-0.075888	0.680702	0.730380	0.419151	-0.124365	-0.853133	0.010950	-0.449227	0.236537	-0.424245	0.050867	1.028176	0.545435	-0.147906	-1.752836	0.000000	-0.840503	-0.104681	1.625095	-0.052080	-0.033636
-1.438184	-0.177569	0.758236	0.876302	-0.052809	0.041512	0.477056	-0.176203	-0.226250	0.042545	-0.175914	0.531566	-0.388622	-0.015249	0.525734	-0.066481	0.352382	0.529528	-0.223662	0.127614	-0.886029	-0.460391	-1.570800	-0.621888	0.731685	-0.108495	-0.866152	-0.676833	0.099915	0.348637	0.421047	0.308257	0.073797	0.199141	0.083695	-0.452267	0.139298	-0.371507	0.253284	0.632351	0.262133	0.025934	-1.276948	0.000000	-0.686122	-0.076774	1.368329	0.034688	0.078401
-1.437549	-0.179220	0.759337	0.875760	-0.050596	0.037828	0.478596	-0.174914	-0.222588	0.043711	-0.175406	0.533669	-0.370063	-0.012998	0.522642	-0.067289	0.353285	0.533965	-0.203600	0.133878	-0.884634	-0.477276	-1.570800	-0.632085	0.729851	-0.085328	-0.863560	-0.674261	0.088300	0.189445	0.132090	0.029400	-0.036076	0.938439	0.189705	-0.284140	0.071965	-0.179428	0.197650	0.480608	0.272690	0.059921	-1.001653	0.000000	-0.697254	-0.184545	1.507552	0.246724	0.193985
-1.436781	-0.180328	0.759897	0.875955	-0.050330	0.035515	0.478444	-0.172671	-0.218672	0.047828	-0.174738	0.530123	-0.351084	-0.007660	0.514369	-0.063602	0.345205	0.537434	-0.204437	0.138522	-0.883632	-0.500457	-1.570800	-0.649778	0.724303	-0.048193	-0.856283	-0.669074	-0.312256	0.858345	0.334098	0.154689	-0.542012	-0.176848	0.201260	-0.634311	-0.023204	-0.940415	0.064911	0.307496	0.427219	0.069991	-1.068100	0.000000	-1.896647	-0.477679	3.005285	0.883470	0.532886
-1.437587	-0.181211	0.760107	0.871184	-0.050878	0.030851	0.487338	-0.187404	-0.188254	0.057075	-0.169218	0.511989	-0.377137	-0.004948	0.497270	-0.068217	0.315668	0.536561	-0.191300	0.150967	-0.881834	-0.520000	-1.570800	-0.707951	0.710744	0.034883	-0.828221	-0.652946	-0.761791	1.346504	0.426471	0.145535	-0.823128	-1.198754	0.013395	-1.574867	-0.341356	-2.294440	-0.413841	-0.215657	0.015792	0.103365	-0.488570	0.000000	-3.272973	-0.772943	3.369079	1.174065	0.883114
-1.437032	-0.182229	0.759841	0.865852	-0.050780	0.027556	0.496953	-0.203143	-0.164812	0.064887	-0.168917	0.497198	-0.399034	-0.007125	0.451374	-0.077256	0.253428	0.520881	-0.213064	0.139154	-0.879498	-0.520000	-1.570800	-0.780697	0.693385	0.086570	-0.809321	-0.633749	-0.549765	1.057792	0.261891	0.031275	-0.731865	-1.156069	-0.153326	-1.964229	-0.436105	-2.745386	-0.957437	-0.810588	-0.730036	0.022066	0.000000	0.000000	-3.388892	-0.808722	1.552887	0.498627	0.905040
-1.436472	-0.182240	0.758882	0.863484	-0.051542	0.027412	0.500986	-0.209395	-0.145942	0.067551	-0.167967	0.482714	-0.423380	-0.011081	0.418700	-0.085661	0.205853	0.498264	-0.223724	0.121765	-0.880952	-0.520000	-1.570800	-0.843507	0.678395	0.096999	-0.808276	-0.616744	-0.423524	0.788747	0.038999	-0.050830	-0.686052	-0.649920	-0.127234	-1.267523	-0.497220	-2.102016	-0.783840	-0.121912	-0.652092	0.062940	0.062375	0.000000	-2.494618	-0.764433	0.606448	0.527664	0.777681
-1.436176	-0.182883	0.758690	0.860445	-0.050455	0.026391	0.506352	-0.220084	-0.133262	0.066447	-0.170950	0.469756	-0.425031	-0.012214	0.400673	-0.097145	0.169347	0.489527	-0.217940	0.113070	-0.876980	-0.517505	-1.570800	-0.880482	0.662808	0.110828	-0.788214	-0.602642	-0.759973	0.662376	0.005986	-0.283094	-0.703128	-0.235561	-0.059524	-1.262108	-0.486120	-1.958462	-0.635598	-0.014273	-0.386264	0.338423	0.675387	0.000000	-2.030385	-0.885718	0.769277	1.146866	0.869292
-1.435074	-0.184008	0.758474	0.855565	-0.049044	0.025822	0.514720	-0.239794	-0.119447	0.067790	-0.179291	0.454589	-0.432802	-0.013462	0.368216	-0.105106	0.127514	0.472840	-0.224295	0.106315	-0.867415	-0.492985	-1.570800	-0.924722	0.642966	0.127770	-0.762401	-0.581972	-0.848617	0.605631	0.140337	-0.386131	-0.609496	-0.344740	-0.065870	-1.507672	-0.208783	-1.732778	-0.688181	-0.208384	-0.033985	0.602032	1.332253	0.000000	-1.894094	-0.894132	0.781282	1.261005	0.925112
-1.433515	-0.185341	0.758628	0.851178	-0.047880	0.024721	0.522105	-0.254029	-0.109037	0.072060	-0.186395	0.445376	-0.438821	-0.014849	0.340366	-0.105496	0.100036	0.462000	-0.226275	0.111711	-0.852899	-0.464215	-1.570800	-0.956246	0.627043	0.142079	-0.737774	-0.565638	-0.476766	0.439630	0.373347	-0.223187	-0.322854	-0.143915	0.009710	-1.640409	0.357569	-1.051631	-0.357658	-0.802927	0.193961	0.709337	1.287117	0.000000	-1.311004	-0.662020	0.574994	1.137571	0.679868
-1.431268	-0.187408	0.759239	0.847183	-0.046654	0.021790	0.528801	-0.258864	-0.101862	0.082724	-0.188219	0.441675	-0.438559	-0.013073	0.302600	-0.090803	0.085449	0.458534	-0.256412	0.114073	-0.839041	-0.441500	-1.570800	-0.977162	0.616485	0.150770	-0.716899	-0.554778	-1.008912	0.762953	0.505445	-0.426290	-0.611089	-0.951595	-0.131337	-1.901235	0.257639	-1.765370	-0.631688	-0.505510	0.463071	1.367417	2.370769	0.000000	-1.865694	-0.825457	0.694769	2.109377	0.931416
-1.431625	-0.188146	0.758683	0.837080	-0.047370	0.019697	0.544670	-0.294385	-0.078519	0.092278	-0.203447	0.420933	-0.476884	-0.020102	0.264317	-0.095191	0.029421	0.436732	-0.246496	0.130233	-0.798202	-0.369384	-1.570800	-1.030874	0.594024	0.169870	-0.653399	-0.528381	-1.119216	0.720957	0.269829	-0.530734	-0.699767	-1.191631	-0.254945	-1.216743	-0.236164	-1.837357	-0.687868	0.434218	0.614470	1.438084	2.482121	0.000000	-1.735672	-0.770962	0.621957	2.102366	0.846638
-1.431789	-0.188971	0.758655	0.833086	-0.046876	0.019040	0.550825	-0.303633	-0.073024	0.093517	-0.209448	0.413684	-0.486224	-0.023271	0.253930	-0.100250	0.011955	0.431019	-0.239043	0.138652	-0.781518	-0.342215	-1.570800	-1.046589	0.585647	0.175648	-0.632804	-0.520912	-0.198126	0.162407	-0.032326	-0.367944	-0.333929	0.140738	-0.115533	-0.559307	-0.178276	-0.683856	-0.228401	-0.056495	0.236674	0.818104	1.322001	0.000000	-0.555250	-0.477850	0.232464	1.119956	0.264837
-1.429934	-0.190395	0.758849	0.830893	-0.044195	0.019399	0.554335	-0.302310	-0.072022	0.090985	-0.218165	0.407575	-0.471255	-0.024724	0.241944	-0.102322	0.002067	0.427596	-0.248756	0.139700	-0.765478	-0.316504	-1.570800	-1.053084	0.574910	0.179169	-0.608600	-0.517787	-0.209781	-0.002345	-0.193376	-0.640432	-0.418590	1.044636	-0.015905	-0.851508	-0.160906	-0.924880	-0.247408	-0.690130	-0.109742	1.617369	2.435605	0.000000	-0.404897	-0.940020	0.173471	2.322923	0.181581
-1.428108	-0.191825	0.759376	0.827293	-0.041252	0.020456	0.559880	-0.312024	-0.073118	0.085782	-0.235065	0.396940	-0.444439	-0.023907	0.219870	-0.106686	-0.025040	0.421123	-0.266648	0.134262	-0.716823	-0.244791	-1.570800	-1.062785	0.548046	0.182587	-0.539887	-0.513649	-0.578025	-0.130752	-0.055103	-0.910335	-0.419416	0.870376	0.083440	-1.018785	-0.012497	-0.956514	-0.373919	-0.494592	0.076669	2.556908	3.592951	0.000000	-0.466606	-1.167864	0.180800	3.360791	0.206150
-1.427417	-0.192736	0.759679	0.822441	-0.040988	0.019799	0.567026	-0.325431	-0.077252	0.088781	-0.254578	0.390799	-0.436440	-0.021386	0.201193	-0.102822	-0.036194	0.412639	-0.268539	0.142767	-0.663202	-0.172786	-1.570800	-1.071748	0.528196	0.186401	-0.474169	-0.509541	-0.459555	0.039515	-0.120384	-0.715262	-0.299519	0.254679	-0.029780	-0.890269	-0.189779	-1.120108	-0.278776	-0.313498	0.057697	2.660735	3.474603	0.000000	-0.212023	-1.023067	0.058869	3.132956	0.086583
-1.426485	-0.193796	0.759692	0.817888	-0.037536	0.020685	0.573780	-0.330406	-0.071537	0.080967	-0.263676	0.384960	-0.434251	-0.025098	0.184259	-0.114277	-0.069845	0.409972	-0.279188	0.136570	-0.610394	-0.105807	-1.570800	-1.071266	0.507123	0.184942	-0.414569	-0.510185	-0.613245	0.065511	-0.272503	-0.847276	-0.342595	0.129295	-0.206750	-0.892800	-0.477683	-1.651432	-0.513811	0.075581	0.052020	3.404564	4.123826	0.000000	0.332543	-1.275496	-0.177640	3.698871	-0.117116
-1.427381	-0.194043	0.759784	0.811163	-0.037215	0.020850	0.583263	-0.349961	-0.074632	0.077881	-0.288469	0.377095	-0.431268	-0.029656	0.165481	-0.121929	-0.102251	0.392087	-0.265516	0.144848	-0.527019	-0.007833	-1.570800	-1.058446	0.477176	0.179295	-0.326214	-0.514226	-0.409995	-0.186291	-0.014365	-0.822342	-0.252357	0.215713	-0.115246	-1.101471	0.049770	-1.149825	-0.532908	-0.468252	0.070848	3.062609	3.562023	0.000000	0.700185	-1.172146	-0.273852	3.449380	-0.237517
-1.425616	-0.194915	0.759673	0.807876	-0.035964	0.021272	0.587869	-0.346806	-0.078989	0.080392	-0.296569	0.374865	-0.425623	-0.029708	0.140200	-0.112287	-0.115838	0.388655	-0.297918	0.139404	-0.487889	0.036674	-1.570800	-1.043258	0.460238	0.173988	-0.276594	-0.519686	-0.142244	-0.129881	-0.026966	-0.668342	-0.117906	0.159127	-0.057190	-1.038736	0.189640	-0.936996	-0.235651	-0.982781	-0.238801	2.261303	2.609373	0.000000	1.156101	-0.946992	-0.252996	3.001729	-0.360925
-1.425346	-0.195350	0.759568	0.804407	-0.034878	0.021361	0.592669	-0.355651	-0.079827	0.076802	-0.315203	0.372379	-0.424903	-0.031944	0.123932	-0.114343	-0.139731	0.382661	-0.304827	0.135296	-0.436567	0.096542	-1.570800	-1.012202	0.439296	0.169175	-0.206145	-0.528663	-0.521389	-0.265370	-0.211536	-1.147580	-0.006464	0.334210	-0.057215	-0.993713	-0.066840	-1.025649	-0.524533	-0.078940	0.068391	2.532158	2.916411	0.000000	2.478024	-1.094507	-0.509329	3.924385	-0.713363
-1.424834	-0.195733	0.760022	0.799025	-0.033481	0.021375	0.599985	-0.367662	-0.089604	0.071931	-0.342473	0.374607	-0.412255	-0.031997	0.100452	-0.114960	-0.156863	0.367674	-0.301076	0.142140	-0.386603	0.153331	-1.570800	-0.944137	0.416457	0.153614	-0.119618	-0.548221	-0.591157	-0.420690	-0.248459	-1.399526	0.101906	0.396413	-0.082485	-1.306761	-0.085135	-1.490270	-0.870712	0.232563	0.241248	1.834579	2.110448	0.000000	4.467759	-1.026854	-0.776610	3.991640	-1.243927
-1.424293	-0.195952	0.760044	0.793717	-0.031967	0.021950	0.607050	-0.379297	-0.096655	0.066864	-0.371184	0.376455	-0.409046	-0.035243	0.071661	-0.117749	-0.199342	0.347833	-0.295525	0.144946	-0.363184	0.180960	-1.570800	-0.833492	0.398222	0.138111	-0.046479	-0.578420	-0.619280	-0.201460	-0.234389	-1.226984	0.149655	-0.370012	-0.236455	-1.682514	-0.073469	-2.868988	-0.812325	-0.291079	-0.447595	1.145928	0.867357	2.484649	6.043661	-0.794534	-0.775334	3.220956	-1.617008
-1.423295	-0.196281	0.759479	0.788525	-0.029863	0.022671	0.613859	-0.392433	-0.097662	0.062555	-0.391552	0.380593	-0.427055	-0.041455	0.033151	-0.117899	-0.271623	0.335181	-0.312719	0.124236	-0.340766	0.188025	-1.471414	-0.702391	0.384676	0.122601	0.009220	-0.612901	-1.005910	-0.013943	-0.011881	-1.053423	0.205225	-1.206233	-0.379216	-1.947771	0.120905	-2.721411	-1.076393	-0.060529	-0.035042	1.903672	0.164080	8.042481	6.232193	-0.564577	-0.790951	2.847533	-1.724316
-1.423730	-0.196300	0.759158	0.779448	-0.029748	0.021341	0.625396	-0.419533	-0.097213	0.066389	-0.413321	0.384664	-0.457296	-0.050412	-0.006250	-0.112913	-0.308198	0.304777	-0.297946	0.143544	-0.287037	0.187523	-1.249101	-0.584204	0.375639	0.106473	0.067422	-0.647393	-1.003933	-0.029279	-0.025224	-0.899717	0.158660	-0.823870	-0.276185	-1.734947	0.173910	-2.225071	-0.943053	0.034565	0.081160	2.451260	-0.242265	11.583811	5.366665	-0.459044	-1.018387	2.643764	-1.673552
-1.422698	-0.196648	0.758815	0.774843	-0.027438	0.021605	0.631188	-0.432590	-0.098833	0.061546	-0.427541	0.386939	-0.460010	-0.052502	-0.036247	-0.110943	-0.360626	0.297459	-0.311336	0.127482	-0.242716	0.178334	-1.008062	-0.487724	0.366314	0.081866	0.114971	-0.679843	-0.901025	-0.014792	0.049320	-0.912772	0.081140	-0.949395	-0.301544	-1.373799	0.269880	-2.217897	-0.440101	-0.453099	-0.321856	1.856235	-0.131195	11.561753	4.341867	-0.384364	-1.012641	2.255903	-1.575614
-1.423162	-0.196226	0.758055	0.766439	-0.028532	0.020604	0.641352	-0.455574	-0.097804	0.068362	-0.449831	0.387910	-0.495272	-0.062473	-0.061202	-0.102117	-0.396914	0.287173	-0.316070	0.130670	-0.212787	0.182275	-0.786631	-0.410529	0.360265	0.065967	0.157658	-0.710417	-0.761308	-0.167346	-0.045776	-1.046569	0.107840	-0.383934	-0.218545	-1.069724	0.214900	-1.487970	-0.448478	-0.122645	0.026191	1.335482	0.224005	10.280214	3.353864	-0.462511	-1.075740	1.884598	-1.449606
-1.422151	-0.196268	0.758432	0.763318	-0.026326	0.020970	0.645145	-0.463043	-0.105527	0.059715	-0.469403	0.391253	-0.475367	-0.061244	-0.079036	-0.102347	-0.420145	0.279520	-0.316242	0.128530	-0.189296	0.187295	-0.596853	-0.353570	0.347814	0.038836	0.190354	-0.737827	-0.287963	-0.265619	-0.534114	-0.906038	0.171659	0.996863	-0.001815	-0.933032	-0.215290	-1.456001	-0.479344	0.345321	-0.004299	1.208637	0.422170	8.720439	2.464032	-0.532514	-1.407952	1.445745	-1.322466
-1.420993	-0.196656	0.759123	0.760624	-0.022751	0.021527	0.648436	-0.467093	-0.108429	0.046997	-0.486073	0.394776	-0.455397	-0.062546	-0.098523	-0.110729	-0.455154	0.267999	-0.302257	0.130498	-0.164442	0.199162	-0.437813	-0.311968	0.338964	0.009649	0.215488	-0.763316	-0.462129	-0.086600	-0.242310	-0.696793	0.071350	0.137185	-0.121460	-1.025573	-0.006635	-1.523673	-0.640154	0.335034	0.155644	1.201907	0.861088	7.092274	1.754931	-0.414769	-1.327792	1.135633	-1.190552
-1.420999	-0.196355	0.758714	0.753902	-0.022893	0.020796	0.656258	-0.481528	-0.108991	0.050023	-0.497275	0.394107	-0.469880	-0.066103	-0.120059	-0.102612	-0.481092	0.253914	-0.302841	0.134756	-0.141220	0.221738	-0.313162	-0.283373	0.331223	-0.014276	0.235780	-0.785449	-0.608739	-0.140235	0.067055	-0.619394	0.012761	-0.296195	-0.107645	-0.874224	0.324370	-1.074602	-0.440195	-0.049755	0.156425	1.309651	1.374905	4.531141	1.119439	-0.407159	-1.086624	0.838193	-0.935599
-1.420317	-0.195986	0.758825	0.749258	-0.022435	0.020496	0.661580	-0.491443	-0.114038	0.049679	-0.510849	0.395286	-0.467245	-0.066852	-0.133492	-0.097754	-0.498138	0.250391	-0.304247	0.136755	-0.112056	0.254158	-0.256567	-0.267190	0.322678	-0.033816	0.249016	-0.800740	-0.560264	-0.168356	0.009640	-0.609060	0.009720	-0.145323	-0.068749	-0.684718	0.224714	-1.060423	-0.076806	-0.232870	0.031812	1.565744	2.022163	2.415560	0.733239	-0.549418	-0.728789	0.696805	-0.715822
-1.419924	-0.195458	0.758624	0.743065	-0.022118	0.020631	0.668536	-0.503938	-0.115725	0.050408	-0.521638	0.394496	-0.475693	-0.068853	-0.147447	-0.093623	-0.523508	0.250841	-0.312156	0.136028	-0.078590	0.302625	-0.216540	-0.254043	0.309246	-0.043427	0.263652	-0.814082	-0.511292	-0.052841	0.006783	-0.535734	-0.036620	-0.334983	-0.141471	-0.588663	0.210370	-0.866962	0.055945	-0.597625	-0.128870	1.669355	2.103560	1.337780	0.523742	-0.562812	-0.492783	0.478988	-0.544892
-1.419290	-0.195056	0.758397	0.738497	-0.021427	0.020771	0.673596	-0.511894	-0.116152	0.049951	-0.532278	0.393822	-0.480644	-0.072511	-0.157038	-0.089339	-0.532817	0.252629	-0.328152	0.131600	-0.045282	0.338301	-0.203056	-0.246241	0.300165	-0.053527	0.268175	-0.822536	-0.366966	-0.110270	-0.128655	-0.655836	0.010604	0.094092	-0.142111	-0.466363	0.101261	-0.471263	-0.013860	-0.300160	0.053768	2.024357	1.944334	0.559515	0.379602	-0.505158	-0.701117	0.155576	-0.406094
-1.418721	-0.194594	0.758716	0.733775	-0.020422	0.021220	0.678753	-0.518617	-0.120136	0.045262	-0.547871	0.394920	-0.471929	-0.074537	-0.166102	-0.089573	-0.542359	0.250287	-0.324162	0.138179	0.002384	0.380398	-0.194159	-0.238859	0.289040	-0.071472	0.269875	-0.830326	-0.392568	-0.201049	-0.060898	-0.655615	0.015470	0.108023	-0.098224	-0.502613	0.174760	-0.445513	-0.192494	-0.032110	0.280150	2.262437	1.974176	0.344480	0.318489	-0.465943	-0.705668	-0.004446	-0.335345
-1.418632	-0.193900	0.758555	0.728157	-0.020922	0.021088	0.684767	-0.527597	-0.124194	0.047515	-0.558503	0.394440	-0.476323	-0.076440	-0.177143	-0.082349	-0.550637	0.244929	-0.329437	0.142806	0.045216	0.417268	-0.189277	-0.233501	0.281527	-0.081754	0.267997	-0.835949	-0.342205	-0.198661	-0.018646	-0.522381	-0.018645	0.056963	-0.067715	-0.464255	0.225265	-0.312771	-0.206540	-0.159635	0.173010	2.116678	1.666822	-0.521226	0.138355	-0.340356	-0.421321	-0.105220	-0.205980
-1.418076	-0.193098	0.758596	0.725020	-0.020624	0.021545	0.688081	-0.532305	-0.128082	0.044516	-0.568766	0.394174	-0.469651	-0.077246	-0.184672	-0.080562	-0.554870	0.242025	-0.330547	0.145099	0.087051	0.447071	-0.215008	-0.233325	0.275426	-0.088325	0.265666	-0.838565	-0.076152	-0.187226	-0.192936	-0.523771	-0.017540	0.478631	-0.032396	-0.269598	0.038535	-0.253935	-0.057160	-0.096475	0.033905	1.611332	1.096866	-0.784547	0.034105	-0.274307	-0.374439	-0.176538	-0.064325
-1.417822	-0.192088	0.758771	0.722698	-0.020505	0.022237	0.690502	-0.530643	-0.131683	0.039797	-0.579454	0.393739	-0.457178	-0.077735	-0.187927	-0.080808	-0.560795	0.242643	-0.333296	0.144162	0.109669	0.461142	-0.220659	-0.232137	0.270555	-0.096732	0.260936	-0.838522	-0.075300	-0.153614	-0.265954	-0.627708	0.010605	0.555286	-0.047240	-0.299709	0.001954	-0.388013	0.128520	-0.136907	-0.052220	1.471239	0.837632	-0.252695	0.054535	-0.298623	-0.538122	-0.356469	0.037956
-1.417233	-0.191594	0.759094	0.718684	-0.019308	0.022570	0.694703	-0.535317	-0.134227	0.033878	-0.593875	0.394598	-0.447439	-0.079135	-0.196661	-0.080484	-0.570390	0.247166	-0.336024	0.143011	0.145901	0.480576	-0.225116	-0.231143	0.263481	-0.109850	0.251407	-0.837047	-0.062524	-0.161124	-0.252679	-0.490536	0.025280	0.544249	-0.025639	-0.355928	0.028940	-0.356236	0.156154	-0.253136	-0.079260	1.263475	0.579019	0.028722	0.043300	-0.265753	-0.544012	-0.389398	0.088535
-1.416884	-0.190884	0.759211	0.716401	-0.018679	0.023108	0.697055	-0.533144	-0.138128	0.029690	-0.599075	0.394750	-0.435408	-0.078761	-0.202164	-0.079650	-0.575044	0.248889	-0.343421	0.140992	0.160208	0.484303	-0.219510	-0.230405	0.259925	-0.118492	0.245360	-0.834981	-0.174865	-0.167225	-0.086600	-0.492434	0.005760	0.200325	-0.058205	-0.398596	0.212405	-0.453302	0.216240	-0.754216	-0.241585	1.489187	0.270356	0.864964	0.025250	-0.285012	-0.661312	-0.566146	0.339743
-1.416579	-0.190595	0.759223	0.709372	-0.018052	0.022758	0.704236	-0.542312	-0.140916	0.030414	-0.613572	0.394829	-0.439426	-0.081463	-0.212604	-0.071988	-0.588522	0.255816	-0.366192	0.133347	0.205468	0.491390	-0.190517	-0.230133	0.252080	-0.136302	0.228762	-0.823457	-0.130343	-0.104289	-0.174942	-0.530346	0.009140	0.167869	-0.079451	-0.236678	-0.094581	-0.697513	0.257080	-0.449380	-0.271886	1.442046	0.191689	1.117334	0.000295	-0.226711	-0.493785	-0.526585	0.411487
-1.418015	-0.189365	0.758991	0.708543	-0.018527	0.023687	0.705027	-0.538358	-0.142300	0.022692	-0.620289	0.395116	-0.428693	-0.081939	-0.211631	-0.083433	-0.602944	0.259172	-0.361396	0.130117	0.217890	0.491971	-0.174817	-0.230393	0.250857	-0.138243	0.224297	-0.818522	0.014552	-0.157211	-0.173120	-0.427829	0.012755	0.337692	-0.056800	-0.237812	-0.052869	-0.865088	0.156479	-0.101095	-0.172609	0.952741	-0.394299	2.365883	-0.016375	-0.169090	-0.229181	-0.376242	0.595869
-1.417170	-0.189034	0.759005	0.703968	-0.018152	0.023799	0.709600	-0.541730	-0.147204	0.023489	-0.630685	0.395339	-0.425918	-0.083735	-0.222117	-0.074103	-0.623126	0.262075	-0.370236	0.126443	0.243578	0.475618	-0.095882	-0.230788	0.245317	-0.145469	0.213712	-0.799622	-0.312196	-0.119836	-0.047082	-0.542939	-0.001170	0.073680	-0.114189	-0.464700	0.263111	-0.443137	-0.034019	-0.200199	0.008906	1.306050	-0.816152	3.588606	-0.045635	-0.177074	-0.170056	-0.373919	0.902176
-1.416830	-0.188742	0.759059	0.699114	-0.016980	0.023857	0.714411	-0.550846	-0.147093	0.020809	-0.642006	0.395069	-0.425746	-0.086507	-0.230219	-0.072909	-0.620670	0.257811	-0.369404	0.130473	0.270132	0.459324	-0.031272	-0.232219	0.243774	-0.145046	0.209340	-0.782435	-0.298633	-0.086790	-0.088780	-0.541323	-0.031550	0.135160	-0.115239	-0.262929	0.088495	0.144774	-0.186299	0.086604	0.196929	1.121955	-0.855986	2.502023	-0.090815	-0.050319	-0.041964	-0.134199	0.713162
-1.417413	-0.187876	0.759133	0.695998	-0.017910	0.023916	0.717422	-0.553675	-0.150676	0.019938	-0.652338	0.394077	-0.420512	-0.088345	-0.232634	-0.070563	-0.617335	0.254623	-0.366772	0.134320	0.288456	0.441379	0.004199	-0.234421	0.243304	-0.147148	0.208344	-0.771096	-0.091556	-0.176550	-0.084216	-0.423834	-0.079954	0.248645	-0.072340	-0.180101	0.089350	0.144570	-0.160345	-0.002085	0.174080	0.793379	-0.744422	1.550653	-0.107905	0.015730	0.046301	-0.001101	0.498728
-1.417017	-0.187040	0.758837	0.693089	-0.017911	0.025180	0.720190	-0.554508	-0.154155	0.017440	-0.658960	0.391871	-0.415800	-0.089400	-0.237423	-0.069335	-0.614887	0.251398	-0.369488	0.137436	0.301867	0.429548	0.030754	-0.236535	0.244403	-0.143194	0.209296	-0.762485	-0.041640	-0.173950	-0.124880	-0.331086	-0.110319	0.235589	-0.052760	-0.239459	0.061410	0.122392	-0.161269	-0.135779	0.155800	0.670549	-0.591570	1.327737	-0.105690	0.054940	0.197720	0.047590	0.430530
