sample_id,joint_name,position
0,zarm_r1_joint,0.0021715415529599668
0,zarm_r2_joint,0.001159094761095693
0,zarm_r3_joint,-0.005573322535553947
0,zarm_r4_joint,-0.011826040899927958
0,zarm_r5_joint,-0.00064239470932985323
0,zarm_r6_joint,0.008359840650105331
0,zarm_r7_joint,0.00041359003786178898
0,waist_yaw_joint,-0.0028453292135057801
0,zhead_1_joint,0.020577887967068036
0,zhead_2_joint,-0.019049349326667433
0,zarm_l1_joint,0.001015087371760626
0,zarm_l2_joint,-0.0015404595187802344
0,zarm_l3_joint,0.016283134263593329
0,zarm_l4_joint,-0.016785508994925993
0,zarm_l5_joint,0.00026032934539774302
0,zarm_l6_joint,-0.0018750882920145352
0,zarm_l7_joint,2.4940888016217456e-05
1,zarm_r1_joint,0.0021993245300989343
1,zarm_r2_joint,0.00115936981275098
1,zarm_r3_joint,-0.0056020213447405811
1,zarm_r4_joint,-0.011443234993554725
1,zarm_r5_joint,-0.00064370408693962568
1,zarm_r6_joint,0.0083622101529404608
1,zarm_r7_joint,0.00041268307422523106
1,waist_yaw_joint,-0.0028819084548543017
1,zhead_1_joint,0.16287011866078152
1,zhead_2_joint,-0.21817997817229406
1,zarm_l1_joint,0.00097279981262439203
1,zarm_l2_joint,-0.0015413836152387552
1,zarm_l3_joint,0.016284399291726499
1,zarm_l4_joint,-0.016784861435310376
1,zarm_l5_joint,0.00026053879788717066
1,zarm_l6_joint,-0.0018737797890505115
1,zarm_l7_joint,2.6625660697434144e-05
2,zarm_r1_joint,0.0021612282710939102
2,zarm_r2_joint,0.0011580599940738089
2,zarm_r3_joint,-0.0052210771474612751
2,zarm_r4_joint,-0.011443491716247114
2,zarm_r5_joint,-0.00064333300609976897
2,zarm_r6_joint,0.0083621388577561438
2,zarm_r7_joint,0.0004136836183234412
2,waist_yaw_joint,-0.0027897142950595354
2,zhead_1_joint,-0.20792212552259354
2,zhead_2_joint,-0.21856106766181868
2,zarm_l1_joint,0.00093381925597710855
2,zarm_l2_joint,0.001129288858844033
2,zarm_l3_joint,0.016282412351245255
2,zarm_l4_joint,-0.016784723569666326
2,zarm_l5_joint,0.0006404965262037435
2,zarm_l6_joint,-0.0018745419548787032
2,zarm_l7_joint,2.486336778080652e-05
3,zarm_r1_joint,0.0021958778705199748
3,zarm_r2_joint,0.0011586263949779783
3,zarm_r3_joint,-0.0056026266402514182
3,zarm_r4_joint,-0.011443522227060278
3,zarm_r5_joint,-0.00064376070461185742
3,zarm_r6_joint,0.0083620108848560665
3,zarm_r7_joint,0.00041224402724775373
3,waist_yaw_joint,-0.0029011423308720405
3,zhead_1_joint,-0.19647817844778584
3,zhead_2_joint,-0.30782899509184453
3,zarm_l1_joint,0.0010959446517612927
3,zarm_l2_joint,0.0011297340333205235
3,zarm_l3_joint,0.016283058208719583
3,zarm_l4_joint,-0.016784675832247024
3,zarm_l5_joint,0.00026342775318309364
3,zarm_l6_joint,-0.0018737873889046986
3,zarm_l7_joint,3.1180292550288054e-05
4,zarm_r1_joint,0.0021901250478017671
4,zarm_r2_joint,0.0011587058112876684
4,zarm_r3_joint,-0.0052197520593971402
4,zarm_r4_joint,-0.01182573074400156
4,zarm_r5_joint,-0.00064379871839052351
4,zarm_r6_joint,0.0083630143493482467
4,zarm_r7_joint,0.00041447628954700052
4,waist_yaw_joint,-0.0029087531186408537
4,zhead_1_joint,0.16019983056988546
4,zhead_2_joint,-0.30782838310280403
4,zarm_l1_joint,0.0010253844688912024
4,zarm_l2_joint,0.001128844459832434
4,zarm_l3_joint,0.016284376085450091
4,zarm_l4_joint,-0.016784298085448041
4,zarm_l5_joint,0.0002614852905492556
4,zarm_l6_joint,-0.0018749774391297563
4,zarm_l7_joint,3.1009430372543329e-05
5,zarm_r1_joint,0.0022009289675664597
5,zarm_r2_joint,0.0011589447390464331
5,zarm_r3_joint,-0.0056019846032567232
5,zarm_r4_joint,-0.011825868390428412
5,zarm_r5_joint,-0.00064410617787787657
5,zarm_r6_joint,0.0083628547807904491
5,zarm_r7_joint,0.00041280722323849936
5,waist_yaw_joint,-0.0028953307867521229
5,zhead_1_joint,0.17202626126811366
5,zhead_2_joint,-0.052239588604161072
5,zarm_l1_joint,0.00099160146857220268
5,zarm_l2_joint,0.0011292350608392431
5,zarm_l3_joint,0.016283957902385765
5,zarm_l4_joint,-0.016785331572916985
5,zarm_l5_joint,0.00026338840724352583
5,zarm_l6_joint,-0.0018755642180682719
5,zarm_l7_joint,3.1919280433326711e-05
6,zarm_r1_joint,0.0021806459978955602
6,zarm_r2_joint,0.0015385060930704904
6,zarm_r3_joint,-0.0052480197194066736
6,zarm_r4_joint,-0.011825346257286668
6,zarm_r5_joint,-0.00064412519492757674
6,zarm_r6_joint,0.0083627048991124359
6,zarm_r7_joint,0.00041556464475488018
6,waist_yaw_joint,-0.0033727682278792506
6,zhead_1_joint,-0.2041075724391338
6,zhead_2_joint,-0.05223955200149679
6,zarm_l1_joint,0.0010594054789378941
6,zarm_l2_joint,0.001128649549499725
6,zarm_l3_joint,0.016283135689188731
6,zarm_l4_joint,-0.016784095839581528
6,zarm_l5_joint,0.00026047846116574407
6,zarm_l6_joint,-0.0018740161769425184
6,zarm_l7_joint,3.285149958050829e-05
7,zarm_r1_joint,0.002158090054162095
7,zarm_r2_joint,0.0015403795573061365
7,zarm_r3_joint,-0.0052214510728216604
7,zarm_r4_joint,-0.011825328459375114
7,zarm_r5_joint,-0.00064230909234908777
7,zarm_r6_joint,0.0083627947257150781
7,zarm_r7_joint,0.00041647179566587983
7,waist_yaw_joint,-0.0032730735557665014
7,zhead_1_joint,-0.19113760409738673
7,zhead_2_joint,-0.14531776938595881
7,zarm_l1_joint,0.001064101200544064
7,zarm_l2_joint,0.0011288482923703879
7,zarm_l3_joint,0.016284157444049673
7,zarm_l4_joint,-0.016783657110790526
7,zarm_l5_joint,0.00026074836167060193
7,zarm_l6_joint,-0.0018764986066495766
7,zarm_l7_joint,3.0881795750153804e-05
8,zarm_r1_joint,0.0021482710932798623
8,zarm_r2_joint,0.0015397722636691291
8,zarm_r3_joint,-0.0056014781367425088
8,zarm_r4_joint,-0.011825090313049945
8,zarm_r5_joint,-0.00064313536844739529
8,zarm_r6_joint,0.0083621655734216881
8,zarm_r7_joint,0.00041610854671476438
8,waist_yaw_joint,-0.003194445787344305
8,zhead_1_joint,0.23878450159502826
8,zhead_2_joint,-0.14531806933144159
8,zarm_l1_joint,0.0010973836123431473
8,zarm_l2_joint,0.00113019825529704
8,zarm_l3_joint,0.016284140487042541
8,zarm_l4_joint,-0.016786260798508999
8,zarm_l5_joint,0.00064293472357156438
8,zarm_l6_joint,-0.0018735572571480438
8,zarm_l7_joint,3.1862815524577049e-05
